Queue,OrderNo,Time,Stock,BS,Brd,Price,Rls,Opn,Inv,Brk,Message
10094,10095,8:45:00,JSMR,B,RG,3620,10,10,D,--,Open
14977,14978,8:45:01,JSMR,B,RG,3620,10,10,D,--,Open
15263,15264,8:45:01,JSMR,B,RG,3620,5,5,D,--,Open
18175,18176,8:45:01,JSMR,B,RG,3620,20,20,D,--,Open
34546,34547,8:45:04,JSMR,B,RG,3620,5,5,D,--,Open
35759,35760,8:45:05,JSMR,B,RG,3620,40,40,D,--,Open
40800,40801,8:45:07,JSMR,B,RG,3620,2,2,D,--,Open
40822,40823,8:45:07,JSMR,B,RG,3620,3,3,D,--,Open
43141,43142,8:45:10,JSMR,B,RG,3620,10,10,D,--,Open
43820,43821,8:45:11,JSMR,B,RG,3620,1,1,D,--,Open
46114,46115,8:45:14,JSMR,B,RG,3620,5,5,D,--,Open
49290,49291,8:46:07,JSMR,B,RG,3620,1,1,D,--,Open
578073,578074,9:15:51,JSMR,B,RG,3620,1,1,D,--,Open
713594,713595,9:25:01,JSMR,B,RG,3620,20,20,D,--,Open
832512,832513,9:34:19,JSMR,B,RG,3620,5,5,D,--,Open
918971,918972,9:42:46,JSMR,B,RG,3620,1000,1000,D,--,Open
919131,919132,9:42:46,JSMR,B,RG,3620,50,0,D,--,Withdrawn
924760,924761,9:43:20,JSMR,B,RG,3620,4,4,D,--,Open
1034552,1034553,9:55:44,JSMR,B,RG,3620,5,5,D,--,Open
1238435,1238436,10:22:12,JSMR,B,RG,3620,20,20,D,--,Open
1634449,1634450,11:23:17,JSMR,B,RG,3620,5,5,D,--,Open
1983510,1983511,14:03:50,JSMR,B,RG,3620,1,1,D,--,Open
2099539,2099540,14:19:30,JSMR,B,RG,3620,1,1,D,--,Open
2119773,2119774,14:21:50,JSMR,B,RG,3620,5,5,D,--,Open
40815,40816,8:45:07,JSMR,B,RG,3630,2,2,D,--,Open
832513,832514,9:34:20,JSMR,B,RG,3630,20,20,D,--,Open
40805,40806,8:45:07,JSMR,B,RG,3640,1,1,D,--,Open
1633458,1633459,11:23:07,JSMR,B,RG,3640,5,5,D,--,Open
7821,7822,8:45:00,JSMR,B,RG,3650,300,300,D,--,Open
9721,9722,8:45:00,JSMR,B,RG,3650,130,130,D,--,Open
34790,34791,8:45:04,JSMR,B,RG,3650,5,5,D,--,Open
40790,40791,8:45:07,JSMR,B,RG,3650,2,2,D,--,Open
46374,46375,8:45:14,JSMR,B,RG,3650,50,50,D,--,Open
49412,49413,8:46:17,JSMR,B,RG,3650,1,1,D,--,Open
412387,412388,9:06:49,JSMR,B,RG,3650,2,2,D,--,Open
1316390,1316391,10:34:30,JSMR,B,RG,3650,50,50,F,--,Open
1820352,1820353,13:42:22,JSMR,B,RG,3650,5,5,D,--,Open
9154,9155,8:45:00,JSMR,B,RG,3660,5,5,D,--,Open
17127,17128,8:45:01,JSMR,B,RG,3660,2,2,D,--,Open
35270,35271,8:45:05,JSMR,B,RG,3660,30,30,D,--,Open
36588,36589,8:45:05,JSMR,B,RG,3660,9,9,D,--,Open
40786,40787,8:45:07,JSMR,B,RG,3660,1,1,D,--,Open
42129,42130,8:45:08,JSMR,B,RG,3660,1,1,D,--,Open
15131,15132,8:45:01,JSMR,B,RG,3670,5,0,D,--,Amended
40804,40805,8:45:07,JSMR,B,RG,3670,3,3,D,--,Open
53878,53879,8:54:52,JSMR,B,RG,3670,1,1,D,--,Open
9162,9163,8:45:00,JSMR,B,RG,3680,5,5,D,--,Open
40779,40780,8:45:07,JSMR,B,RG,3680,2,2,D,--,Open
43143,43144,8:45:10,JSMR,B,RG,3680,3,3,D,--,Open
2401565,2401566,14:57:55,JSMR,B,RG,3680,115,0,F,--,Withdrawn
15163,15164,8:45:01,JSMR,B,RG,3690,5,0,D,--,Amended
40777,40778,8:45:07,JSMR,B,RG,3690,1,1,D,--,Open
332217,332218,9:03:11,JSMR,B,RG,3690,1,1,D,--,Open
4804,4805,8:45:00,JSMR,B,RG,3700,50,50,D,--,Open
13130,13131,8:45:00,JSMR,B,RG,3700,5,5,D,--,Open
34135,34136,8:45:04,JSMR,B,RG,3700,20,20,D,--,Open
40771,40772,8:45:07,JSMR,B,RG,3700,2,2,D,--,Open
42567,42568,8:45:09,JSMR,B,RG,3700,1,1,D,--,Open
44968,44969,8:45:12,JSMR,B,RG,3700,22,22,D,--,Open
50529,50530,8:48:23,JSMR,B,RG,3700,2,2,D,--,Open
54850,54851,8:56:20,JSMR,B,RG,3700,1,1,D,--,Open
55011,55012,8:56:36,JSMR,B,RG,3700,1,1,D,--,Open
1465817,1465818,10:57:16,JSMR,B,RG,3700,5,5,D,--,Open
1626328,1626329,11:22:00,JSMR,B,RG,3700,10,10,D,--,Open
40763,40764,8:45:07,JSMR,B,RG,3710,2,2,D,--,Open
482773,482774,9:10:19,JSMR,B,RG,3710,1,1,D,--,Open
2401416,2401417,14:57:54,JSMR,B,RG,3710,114,0,F,--,Withdrawn
9215,9216,8:45:00,JSMR,B,RG,3720,5,5,D,--,Open
40760,40761,8:45:07,JSMR,B,RG,3720,1,1,D,--,Open
53868,53869,8:54:52,JSMR,B,RG,3720,1,1,D,--,Open
54712,54713,8:56:09,JSMR,B,RG,3720,1,1,D,--,Open
917023,917024,9:42:35,JSMR,B,RG,3720,25,0,D,--,Withdrawn
17653,17654,8:45:01,JSMR,B,RG,3730,2,2,D,--,Open
20484,20485,8:45:01,JSMR,B,RG,3730,3,3,D,--,Open
40753,40754,8:45:07,JSMR,B,RG,3730,1,1,D,--,Open
47652,47653,8:45:16,JSMR,B,RG,3730,27,27,D,--,Open
56560,56561,8:58:54,JSMR,B,RG,3730,50,50,D,--,Open
13535,13536,8:45:00,JSMR,B,RG,3740,5,5,D,--,Open
18236,18237,8:45:01,JSMR,B,RG,3740,20,20,D,--,Open
34537,34538,8:45:04,JSMR,B,RG,3740,4,4,D,--,Open
40752,40753,8:45:07,JSMR,B,RG,3740,1,1,D,--,Open
43142,43143,8:45:10,JSMR,B,RG,3740,3,3,D,--,Open
54595,54596,8:55:58,JSMR,B,RG,3740,1,1,D,--,Open
1347356,1347357,10:39:31,JSMR,B,RG,3740,5,5,D,--,Open
2401342,2401343,14:57:53,JSMR,B,RG,3740,103,0,F,--,Withdrawn
8443,8444,8:45:00,JSMR,B,RG,3750,1,1,D,--,Open
34273,34274,8:45:04,JSMR,B,RG,3750,20,20,D,--,Open
34613,34614,8:45:04,JSMR,B,RG,3750,5,5,D,--,Open
38363,38364,8:45:06,JSMR,B,RG,3750,1,1,D,--,Open
39436,39437,8:45:06,JSMR,B,RG,3750,1,1,D,--,Open
40748,40749,8:45:07,JSMR,B,RG,3750,2,2,D,--,Open
41353,41354,8:45:08,JSMR,B,RG,3750,1,1,D,--,Open
51744,51745,8:50:41,JSMR,B,RG,3750,1000,1000,D,--,Open
474832,474833,9:09:55,JSMR,B,RG,3750,200,200,D,--,Open
949019,949020,9:45:49,JSMR,B,RG,3750,10,10,D,--,Open
1343201,1343202,10:38:47,JSMR,B,RG,3750,3,3,D,--,Open
1344711,1344712,10:39:03,JSMR,B,RG,3750,5,5,D,--,Open
1749329,1749330,13:33:15,JSMR,B,RG,3750,50,50,D,--,Open
2193531,2193532,14:31:43,JSMR,B,RG,3750,19,19,D,--,Open
15304,15305,8:45:01,JSMR,B,RG,3760,5,5,D,--,Open
54270,54271,8:55:25,JSMR,B,RG,3760,1,1,D,--,Open
54468,54469,8:55:44,JSMR,B,RG,3760,1,1,D,--,Open
330125,330126,9:03:05,JSMR,B,RG,3760,2,2,D,--,Open
380144,380145,9:05:20,JSMR,B,RG,3760,1,1,D,--,Open
1343531,1343532,10:38:50,JSMR,B,RG,3760,5,5,D,--,Open
2185154,2185155,14:30:33,JSMR,B,RG,3760,1,1,D,--,Open
2401192,2401193,14:57:52,JSMR,B,RG,3760,81,0,F,--,Withdrawn
3369,3370,8:45:00,JSMR,B,RG,3770,5,5,D,--,Open
32893,32894,8:45:03,JSMR,B,RG,3770,20,20,D,--,Open
34636,34637,8:45:04,JSMR,B,RG,3770,15,15,D,--,Open
40518,40519,8:45:07,JSMR,B,RG,3770,3,3,D,--,Open
40756,40757,8:45:07,JSMR,B,RG,3770,2,2,D,--,Open
41193,41194,8:45:07,JSMR,B,RG,3770,1,1,D,--,Open
413011,413012,9:06:51,JSMR,B,RG,3770,1,1,D,--,Open
527015,527016,9:12:45,JSMR,B,RG,3770,1,1,D,--,Open
2138359,2138360,14:24:14,JSMR,B,RG,3770,1,0,D,--,Withdrawn
2234097,2234098,14:37:19,JSMR,B,RG,3770,1,1,D,--,Open
3319,3320,8:45:00,JSMR,B,RG,3780,1,1,D,--,Open
4641,4642,8:45:00,JSMR,B,RG,3780,1,1,D,--,Open
9227,9228,8:45:00,JSMR,B,RG,3780,5,5,D,--,Open
30786,30787,8:45:03,JSMR,B,RG,3780,30,30,D,--,Open
40727,40728,8:45:07,JSMR,B,RG,3780,2,2,D,--,Open
54371,54372,8:55:35,JSMR,B,RG,3780,1,1,D,--,Open
526840,526841,9:12:45,JSMR,B,RG,3780,1,1,D,--,Open
677579,677580,9:22:19,JSMR,B,RG,3780,1,0,D,--,Withdrawn
1342339,1342340,10:38:38,JSMR,B,RG,3780,5,5,D,--,Open
2099306,2099307,14:19:28,JSMR,B,RG,3780,2,2,D,--,Open
2401016,2401017,14:57:50,JSMR,B,RG,3780,81,0,F,--,Withdrawn
3296,3297,8:45:00,JSMR,B,RG,3790,1,1,D,--,Open
36726,36727,8:45:05,JSMR,B,RG,3790,2,2,D,--,Open
40729,40730,8:45:07,JSMR,B,RG,3790,1,1,D,--,Open
41190,41191,8:45:07,JSMR,B,RG,3790,1,1,D,--,Open
526830,526831,9:12:45,JSMR,B,RG,3790,1,1,D,--,Open
1341134,1341135,10:38:27,JSMR,B,RG,3790,5,5,D,--,Open
2359469,2359470,14:49:50,JSMR,B,RG,3790,1,1,D,--,Open
841,842,8:45:00,JSMR,B,RG,3800,10,10,D,--,Open
1029,1030,8:45:00,JSMR,B,RG,3800,25,25,D,--,Open
3280,3281,8:45:00,JSMR,B,RG,3800,1,1,D,--,Open
3859,3860,8:45:00,JSMR,B,RG,3800,15,15,D,--,Open
4721,4722,8:45:00,JSMR,B,RG,3800,50,50,D,--,Open
5399,5400,8:45:00,JSMR,B,RG,3800,5,5,D,--,Open
7823,7824,8:45:00,JSMR,B,RG,3800,1,1,D,--,Open
9167,9168,8:45:00,JSMR,B,RG,3800,5,5,D,--,Open
10309,10310,8:45:00,JSMR,B,RG,3800,15,15,D,--,Open
10864,10865,8:45:00,JSMR,B,RG,3800,50,50,D,--,Open
14246,14247,8:45:01,JSMR,B,RG,3800,1,1,D,--,Open
15100,15101,8:45:01,JSMR,B,RG,3800,1,1,D,--,Open
15183,15184,8:45:01,JSMR,B,RG,3800,5,5,D,--,Open
19919,19920,8:45:01,JSMR,B,RG,3800,1,1,D,--,Open
20060,20061,8:45:01,JSMR,B,RG,3800,10,10,D,--,Open
20375,20376,8:45:01,JSMR,B,RG,3800,10,10,D,--,Open
21547,21548,8:45:01,JSMR,B,RG,3800,20,20,D,--,Open
24047,24048,8:45:01,JSMR,B,RG,3800,10,10,D,--,Open
24492,24493,8:45:01,JSMR,B,RG,3800,1,1,D,--,Open
24913,24914,8:45:01,JSMR,B,RG,3800,1,1,D,--,Open
25519,25520,8:45:01,JSMR,B,RG,3800,1,1,D,--,Open
31113,31114,8:45:03,JSMR,B,RG,3800,25,25,D,--,Open
34409,34410,8:45:04,JSMR,B,RG,3800,3,3,D,--,Open
34780,34781,8:45:04,JSMR,B,RG,3800,5,5,D,--,Open
35195,35196,8:45:05,JSMR,B,RG,3800,1,1,D,--,Open
35283,35284,8:45:05,JSMR,B,RG,3800,20,20,D,--,Open
38417,38418,8:45:06,JSMR,B,RG,3800,5,5,D,--,Open
40724,40725,8:45:07,JSMR,B,RG,3800,2,2,D,--,Open
41269,41270,8:45:08,JSMR,B,RG,3800,2,2,D,--,Open
42854,42855,8:45:09,JSMR,B,RG,3800,5,5,D,--,Open
43147,43148,8:45:10,JSMR,B,RG,3800,2,2,D,--,Open
43809,43810,8:45:11,JSMR,B,RG,3800,10,10,D,--,Open
48020,48021,8:45:17,JSMR,B,RG,3800,4,4,D,--,Open
50474,50475,8:48:16,JSMR,B,RG,3800,30,30,D,--,Open
51528,51529,8:50:18,JSMR,B,RG,3800,1000,1000,D,--,Open
53033,53034,8:53:13,JSMR,B,RG,3800,300,300,D,--,Open
54123,54124,8:55:11,JSMR,B,RG,3800,1,1,D,--,Open
54272,54273,8:55:26,JSMR,B,RG,3800,1,1,D,--,Open
210910,210911,9:00:10,JSMR,B,RG,3800,1,1,D,--,Open
238394,238395,9:00:19,JSMR,B,RG,3800,3,3,D,--,Open
277450,277451,9:00:56,JSMR,B,RG,3800,50,50,D,--,Open
296691,296692,9:01:38,JSMR,B,RG,3800,30,0,D,--,Amended
376390,376391,9:05:09,JSMR,B,RG,3800,10,10,D,--,Open
386460,386461,9:05:37,JSMR,B,RG,3800,5,5,D,--,Open
413100,413101,9:06:51,JSMR,B,RG,3800,1,1,D,--,Open
414469,414470,9:06:55,JSMR,B,RG,3800,1,1,D,--,Open
526604,526605,9:12:44,JSMR,B,RG,3800,1,1,D,--,Open
547942,547943,9:14:00,JSMR,B,RG,3800,2,2,D,--,Open
619540,619541,9:18:32,JSMR,B,RG,3800,200,200,D,--,Open
632307,632308,9:19:19,JSMR,B,RG,3800,50,50,D,--,Open
756609,756610,9:28:09,JSMR,B,RG,3800,20,0,D,--,Amended
778929,778930,9:29:55,JSMR,B,RG,3800,5,5,D,--,Open
799516,799517,9:31:29,JSMR,B,RG,3800,5,5,D,--,Open
866357,866358,9:37:26,JSMR,B,RG,3800,1000,1000,D,--,Open
868763,868764,9:37:40,JSMR,B,RG,3800,3,3,D,--,Open
878218,878219,9:38:34,JSMR,B,RG,3800,3,3,D,--,Open
922378,922379,9:43:05,JSMR,B,RG,3800,1,1,D,--,Open
938052,938053,9:44:44,JSMR,B,RG,3800,50,50,D,--,Open
955553,955554,9:46:34,JSMR,B,RG,3800,1,1,D,--,Open
986677,986678,9:50:09,JSMR,B,RG,3800,10,10,D,--,Open
1140163,1140164,10:08:19,JSMR,B,RG,3800,5,5,D,--,Open
1142696,1142697,10:08:39,JSMR,B,RG,3800,5,5,D,--,Open
1172368,1172369,10:12:52,JSMR,B,RG,3800,2,0,D,--,Withdrawn
1219142,1219143,10:19:39,JSMR,B,RG,3800,100,100,D,--,Open
1270597,1270598,10:26:56,JSMR,B,RG,3800,5,5,D,--,Open
1302652,1302653,10:32:20,JSMR,B,RG,3800,40,40,D,--,Open
1466603,1466604,10:57:21,JSMR,B,RG,3800,5,5,D,--,Open
1488437,1488438,11:00:11,JSMR,B,RG,3800,10,0,D,--,Withdrawn
1530741,1530742,11:06:15,JSMR,B,RG,3800,10,0,D,--,Withdrawn
1544448,1544449,11:08:26,JSMR,B,RG,3800,2,2,D,--,Open
1554046,1554047,11:10:01,JSMR,B,RG,3800,1,1,D,--,Open
1771629,1771630,13:36:13,JSMR,B,RG,3800,1,1,D,--,Open
1964695,1964696,14:01:11,JSMR,B,RG,3800,1,0,D,--,Amended
2113896,2113897,14:21:05,JSMR,B,RG,3800,1,1,D,--,Open
2127669,2127670,14:22:54,JSMR,B,RG,3800,1,0,D,--,Withdrawn
2154157,2154158,14:26:16,JSMR,B,RG,3800,19,19,D,--,Open
2156963,2156964,14:26:41,JSMR,B,RG,3800,5,5,D,--,Open
2181035,2181036,14:30:00,JSMR,B,RG,3800,2,2,D,--,Open
2181673,2181674,14:30:05,JSMR,B,RG,3800,50,50,D,--,Open
2245161,2245162,14:38:48,JSMR,B,RG,3800,30,30,D,--,Open
2278683,2278684,14:42:22,JSMR,B,RG,3800,50,50,D,--,Open
2293747,2293748,14:43:57,JSMR,B,RG,3800,10,10,D,--,Open
2329081,2329082,14:47:36,JSMR,B,RG,3800,10,10,D,--,Open
2373970,2373971,14:51:23,JSMR,B,RG,3800,20,20,D,--,Open
2379475,2379476,14:52:17,JSMR,B,RG,3800,5,5,D,--,Open
2400750,2400751,14:57:49,JSMR,B,RG,3800,77,0,F,--,Withdrawn
3251,3252,8:45:00,JSMR,B,RG,3810,1,1,D,--,Open
10927,10928,8:45:00,JSMR,B,RG,3810,1,0,D,--,Withdrawn
34731,34732,8:45:04,JSMR,B,RG,3810,10,10,D,--,Open
40487,40488,8:45:07,JSMR,B,RG,3810,3,3,D,--,Open
40723,40724,8:45:07,JSMR,B,RG,3810,1,1,D,--,Open
79064,79065,9:00:01,JSMR,B,RG,3810,5,5,D,--,Open
171955,171956,9:00:07,JSMR,B,RG,3810,10,10,D,--,Open
278118,278119,9:00:57,JSMR,B,RG,3810,50,50,D,--,Open
411643,411644,9:06:47,JSMR,B,RG,3810,1,1,D,--,Open
423043,423044,9:07:19,JSMR,B,RG,3810,1,0,D,--,Withdrawn
516854,516855,9:12:10,JSMR,B,RG,3810,10,10,D,--,Open
526517,526518,9:12:44,JSMR,B,RG,3810,1,1,D,--,Open
854578,854579,9:36:18,JSMR,B,RG,3810,5,0,D,--,Withdrawn
924696,924697,9:43:20,JSMR,B,RG,3810,1,0,D,--,Withdrawn
1138970,1138971,10:08:10,JSMR,B,RG,3810,5,5,D,--,Open
1168654,1168655,10:12:17,JSMR,B,RG,3810,1,1,D,--,Open
1245987,1245988,10:23:16,JSMR,B,RG,3810,10,0,D,--,Withdrawn
1587427,1587428,11:15:30,JSMR,B,RG,3810,5,5,D,--,Open
1589113,1589114,11:15:46,JSMR,B,RG,3810,1,1,D,--,Open
2019126,2019127,14:08:55,JSMR,B,RG,3810,100,100,D,--,Open
2200026,2200027,14:32:35,JSMR,B,RG,3810,10,10,D,--,Open
2205806,2205807,14:33:18,JSMR,B,RG,3810,1,0,D,--,Withdrawn
2246224,2246225,14:38:56,JSMR,B,RG,3810,20,20,D,--,Open
2280027,2280028,14:42:31,JSMR,B,RG,3810,10,10,D,--,Open
2370457,2370458,14:50:55,JSMR,B,RG,3810,25,25,D,--,Open
2372681,2372682,14:51:10,JSMR,B,RG,3810,1,1,D,--,Open
2400906,2400907,14:57:50,JSMR,B,RG,3810,70,0,F,--,Withdrawn
7688,7689,8:45:00,JSMR,B,RG,3820,100,100,D,--,Open
33446,33447,8:45:03,JSMR,B,RG,3820,5,5,D,--,Open
43148,43149,8:45:10,JSMR,B,RG,3820,2,2,D,--,Open
43507,43508,8:45:10,JSMR,B,RG,3820,2,2,D,--,Open
45757,45758,8:45:13,JSMR,B,RG,3820,3,3,D,--,Open
54129,54130,8:55:11,JSMR,B,RG,3820,1,1,D,--,Open
56040,56041,8:58:12,JSMR,B,RG,3820,5,0,D,--,Amended
273264,273265,9:00:51,JSMR,B,RG,3820,40,40,D,--,Open
285019,285020,9:01:09,JSMR,B,RG,3820,2,2,D,--,Open
297239,297240,9:01:39,JSMR,B,RG,3820,1,1,D,--,Open
329788,329789,9:03:05,JSMR,B,RG,3820,2,0,D,--,Withdrawn
371559,371560,9:04:59,JSMR,B,RG,3820,1,1,D,--,Open
407218,407219,9:06:34,JSMR,B,RG,3820,1,1,D,--,Open
526283,526284,9:12:43,JSMR,B,RG,3820,1,1,D,--,Open
566116,566117,9:15:08,JSMR,B,RG,3820,10,10,D,--,Open
911580,911581,9:42:00,JSMR,B,RG,3820,25,0,D,--,Withdrawn
1031238,1031239,9:55:19,JSMR,B,RG,3820,2,2,D,--,Open
1137509,1137510,10:07:58,JSMR,B,RG,3820,5,0,D,--,Amended
1288505,1288506,10:29:59,JSMR,B,RG,3820,5,5,D,--,Open
1500508,1500509,11:01:43,JSMR,B,RG,3820,50,50,D,--,Open
1727773,1727774,13:30:14,JSMR,B,RG,3820,100,100,D,--,Open
2111926,2111927,14:20:52,JSMR,B,RG,3820,1,1,D,--,Open
2176688,2176689,14:29:25,JSMR,B,RG,3820,6,6,D,--,Open
2278329,2278330,14:42:19,JSMR,B,RG,3820,1,1,D,--,Open
2279491,2279492,14:42:27,JSMR,B,RG,3820,1,1,D,--,Open
10808,10809,8:45:00,JSMR,B,RG,3830,1,0,D,--,Withdrawn
19746,19747,8:45:01,JSMR,B,RG,3830,10,10,D,--,Open
28502,28503,8:45:02,JSMR,B,RG,3830,8,8,D,--,Open
40715,40716,8:45:07,JSMR,B,RG,3830,1,1,D,--,Open
54440,54441,8:55:42,JSMR,B,RG,3830,1,0,D,--,Amended
55833,55834,8:57:58,JSMR,B,RG,3830,5,0,D,--,Amended
129783,129784,9:00:04,JSMR,B,RG,3830,20,0,D,--,Withdrawn
404248,404249,9:06:26,JSMR,B,RG,3830,1,1,D,--,Open
424813,424814,9:07:24,JSMR,B,RG,3830,5,5,D,--,Open
566117,566118,9:15:08,JSMR,B,RG,3830,2,2,D,--,Open
644307,644308,9:20:05,JSMR,B,RG,3830,10,10,D,--,Open
684367,684368,9:22:48,JSMR,B,RG,3830,100,100,D,--,Open
858060,858061,9:36:37,JSMR,B,RG,3830,10,10,D,--,Open
1029291,1029292,9:55:05,JSMR,B,RG,3830,5,5,D,--,Open
1138062,1138063,10:08:03,JSMR,B,RG,3830,25,25,D,--,Open
1446266,1446267,10:54:48,JSMR,B,RG,3830,8,8,D,--,Open
1526822,1526823,11:05:35,JSMR,B,RG,3830,3,3,D,--,Open
1683827,1683828,13:30:01,JSMR,B,RG,3830,50,50,D,--,Open
2110096,2110097,14:20:39,JSMR,B,RG,3830,1,1,D,--,Open
2170249,2170250,14:28:33,JSMR,B,RG,3830,4,4,D,--,Open
2277510,2277511,14:42:13,JSMR,B,RG,3830,1,1,D,--,Open
2400513,2400514,14:57:47,JSMR,B,RG,3830,66,0,F,--,Withdrawn
5672,5673,8:45:00,JSMR,B,RG,3840,1,1,D,--,Open
13729,13730,8:45:00,JSMR,B,RG,3840,1,1,D,--,Open
29218,29219,8:45:02,JSMR,B,RG,3840,2,0,D,--,Amended
29605,29606,8:45:02,JSMR,B,RG,3840,10,0,D,--,Withdrawn
34479,34480,8:45:04,JSMR,B,RG,3840,100,0,D,--,Withdrawn
36722,36723,8:45:05,JSMR,B,RG,3840,1,1,D,--,Open
43152,43153,8:45:10,JSMR,B,RG,3840,1,1,D,--,Open
45759,45760,8:45:13,JSMR,B,RG,3840,2,2,D,--,Open
50523,50524,8:48:23,JSMR,B,RG,3840,20,0,D,--,Withdrawn
54006,54007,8:55:02,JSMR,B,RG,3840,1,1,D,--,Open
55687,55688,8:57:43,JSMR,B,RG,3840,5,0,D,--,Amended
56649,56650,8:58:59,JSMR,B,RG,3840,1,1,D,--,Open
326104,326105,9:02:55,JSMR,B,RG,3840,2,0,D,--,Withdrawn
399780,399781,9:06:14,JSMR,B,RG,3840,1,1,D,--,Open
566121,566122,9:15:08,JSMR,B,RG,3840,2,2,D,--,Open
815067,815068,9:32:47,JSMR,B,RG,3840,5,5,D,--,Open
896293,896294,9:40:23,JSMR,B,RG,3840,5,5,D,--,Open
906360,906361,9:41:28,JSMR,B,RG,3840,1,1,D,--,Open
1236879,1236880,10:21:59,JSMR,B,RG,3840,10,0,D,--,Withdrawn
1716036,1716037,13:30:05,JSMR,B,RG,3840,3,0,D,--,Withdrawn
1716460,1716461,13:30:05,JSMR,B,RG,3840,100,0,D,--,Amended
2108074,2108075,14:20:26,JSMR,B,RG,3840,1,1,D,--,Open
2146394,2146395,14:25:11,JSMR,B,RG,3840,1,1,D,--,Open
2168869,2168870,14:28:21,JSMR,B,RG,3840,3,3,D,--,Open
2181758,2181759,14:30:06,JSMR,B,RG,3840,25,0,F,--,Amended
2185027,2185028,14:30:32,JSMR,B,RG,3840,100,100,D,--,Open
2191734,2191735,14:31:27,JSMR,B,RG,3840,1,1,D,--,Open
2214297,2214298,14:34:31,JSMR,B,RG,3840,100,100,D,--,Open
2244315,2244316,14:38:41,JSMR,B,RG,3840,1,1,D,--,Open
2276855,2276856,14:42:09,JSMR,B,RG,3840,1,1,D,--,Open
2281742,2281743,14:42:41,JSMR,B,RG,3840,1,1,D,--,Open
2341367,2341368,14:48:37,JSMR,B,RG,3840,86,86,F,--,Open
2400162,2400163,14:57:44,JSMR,B,RG,3840,71,0,F,--,Withdrawn
10699,10700,8:45:00,JSMR,B,RG,3850,1,0,D,--,Withdrawn
15214,15215,8:45:01,JSMR,B,RG,3850,5,5,D,--,Open
15223,15224,8:45:01,JSMR,B,RG,3850,1,1,D,--,Open
17320,17321,8:45:01,JSMR,B,RG,3850,2,2,D,--,Open
22638,22639,8:45:01,JSMR,B,RG,3850,10,10,D,--,Open
22763,22764,8:45:01,JSMR,B,RG,3850,50,50,D,--,Open
23140,23141,8:45:01,JSMR,B,RG,3850,15,0,D,--,Withdrawn
25510,25511,8:45:01,JSMR,B,RG,3850,1,1,D,--,Open
26524,26525,8:45:02,JSMR,B,RG,3850,1,0,D,--,Withdrawn
27463,27464,8:45:02,JSMR,B,RG,3850,1,1,D,--,Open
34747,34748,8:45:04,JSMR,B,RG,3850,5,5,D,--,Open
36762,36763,8:45:05,JSMR,B,RG,3850,15,15,D,--,Open
37133,37134,8:45:05,JSMR,B,RG,3850,10,10,D,--,Open
40714,40715,8:45:07,JSMR,B,RG,3850,1,1,D,--,Open
43153,43154,8:45:10,JSMR,B,RG,3850,1,1,D,--,Open
46891,46892,8:45:14,JSMR,B,RG,3850,1,1,D,--,Open
55570,55571,8:57:33,JSMR,B,RG,3850,5,0,D,--,Amended
115336,115337,9:00:03,JSMR,B,RG,3850,1,0,D,--,Withdrawn
251293,251294,9:00:27,JSMR,B,RG,3850,2,2,D,--,Open
277210,277211,9:00:56,JSMR,B,RG,3850,50,50,D,--,Open
299917,299918,9:01:46,JSMR,B,RG,3850,21,0,D,--,Withdrawn
320137,320138,9:02:39,JSMR,B,RG,3850,2,2,D,--,Open
332812,332813,9:03:12,JSMR,B,RG,3850,10,10,D,--,Open
353568,353569,9:04:09,JSMR,B,RG,3850,10,10,D,--,Open
390230,390231,9:05:47,JSMR,B,RG,3850,1,1,D,--,Open
414045,414046,9:06:54,JSMR,B,RG,3850,10,10,D,--,Open
466963,466964,9:09:31,JSMR,B,RG,3850,11,11,D,--,Open
470543,470544,9:09:41,JSMR,B,RG,3850,200,200,D,--,Open
566119,566120,9:15:08,JSMR,B,RG,3850,2,2,D,--,Open
598345,598346,9:17:10,JSMR,B,RG,3850,15,0,D,--,Withdrawn
618375,618376,9:18:28,JSMR,B,RG,3850,5,0,D,--,Withdrawn
659407,659408,9:21:03,JSMR,B,RG,3850,1,1,D,--,Open
758711,758712,9:28:18,JSMR,B,RG,3850,5,0,D,--,Amended
860526,860527,9:36:50,JSMR,B,RG,3850,3,3,D,--,Open
895540,895541,9:40:19,JSMR,B,RG,3850,1,1,D,--,Open
949327,949328,9:45:51,JSMR,B,RG,3850,1,1,D,--,Open
957694,957695,9:46:48,JSMR,B,RG,3850,3,3,D,--,Open
977058,977059,9:49:03,JSMR,B,RG,3850,5,5,D,--,Open
995421,995422,9:51:07,JSMR,B,RG,3850,25,25,D,--,Open
1005473,1005474,9:52:12,JSMR,B,RG,3850,1,1,D,--,Open
1040564,1040565,9:56:27,JSMR,B,RG,3850,50,50,D,--,Open
1041796,1041797,9:56:37,JSMR,B,RG,3850,50,50,D,--,Open
1043952,1043953,9:56:54,JSMR,B,RG,3850,50,50,D,--,Open
1134934,1134935,10:07:38,JSMR,B,RG,3850,20,20,D,--,Open
1145381,1145382,10:09:01,JSMR,B,RG,3850,2,0,D,--,Withdrawn
1171941,1171942,10:12:48,JSMR,B,RG,3850,1,1,D,--,Open
1360113,1360114,10:41:34,JSMR,B,RG,3850,20,0,D,--,Amended
1394685,1394686,10:47:09,JSMR,B,RG,3850,1,1,D,--,Open
1543676,1543677,11:08:18,JSMR,B,RG,3850,100,100,D,--,Open
1552726,1552727,11:09:48,JSMR,B,RG,3850,1,1,D,--,Open
1587366,1587367,11:15:29,JSMR,B,RG,3850,2,2,D,--,Open
1666059,1666060,11:28:14,JSMR,B,RG,3850,1,1,D,--,Open
1683737,1683738,13:30:01,JSMR,B,RG,3850,5,5,D,--,Open
1718266,1718267,13:30:05,JSMR,B,RG,3850,1,1,D,--,Open
1719976,1719977,13:30:06,JSMR,B,RG,3850,7,7,D,--,Open
1782804,1782805,13:37:41,JSMR,B,RG,3850,4,4,D,--,Open
1810161,1810162,13:41:00,JSMR,B,RG,3850,1,1,D,--,Open
1934117,1934118,13:56:51,JSMR,B,RG,3850,50,0,D,--,Withdrawn
2069950,2069951,14:15:59,JSMR,B,RG,3850,20,20,D,--,Open
2106268,2106269,14:20:14,JSMR,B,RG,3850,1,1,D,--,Open
2112476,2112477,14:20:56,JSMR,B,RG,3850,1,1,D,--,Open
2113852,2113853,14:21:05,JSMR,B,RG,3850,1,1,D,--,Open
2118221,2118222,14:21:38,JSMR,B,RG,3850,1,1,D,--,Open
2119416,2119417,14:21:47,JSMR,B,RG,3850,31,31,D,--,Open
2145460,2145461,14:25:04,JSMR,B,RG,3850,2,0,D,--,Amended
2145975,2145976,14:25:08,JSMR,B,RG,3850,1,1,D,--,Open
2147710,2147711,14:25:21,JSMR,B,RG,3850,15,15,D,--,Open
2164583,2164584,14:27:46,JSMR,B,RG,3850,5,5,D,--,Open
2172589,2172590,14:28:51,JSMR,B,RG,3850,1,1,D,--,Open
2174148,2174149,14:29:04,JSMR,B,RG,3850,5,5,D,--,Open
2179280,2179281,14:29:45,JSMR,B,RG,3850,1,0,D,--,Amended
2181448,2181449,14:30:03,JSMR,B,RG,3850,6,0,D,--,Amended
2182994,2182995,14:30:16,JSMR,B,RG,3850,100,100,D,--,Open
2200585,2200586,14:32:40,JSMR,B,RG,3850,1,1,D,--,Open
2209884,2209885,14:33:51,JSMR,B,RG,3850,5,0,D,--,Amended
2243810,2243811,14:38:37,JSMR,B,RG,3850,1,1,D,--,Open
2255589,2255590,14:39:58,JSMR,B,RG,3850,2,2,D,--,Open
2276068,2276069,14:42:03,JSMR,B,RG,3850,1,1,D,--,Open
2366453,2366454,14:50:24,JSMR,B,RG,3850,10,10,D,--,Open
2377419,2377420,14:51:54,JSMR,B,RG,3850,2,2,D,--,Open
2382806,2382807,14:53:00,JSMR,B,RG,3850,2,0,D,--,Withdrawn
2399888,2399889,14:57:41,JSMR,B,RG,3850,75,0,F,--,Withdrawn
1744,1745,8:45:00,JSMR,B,RG,3860,30,30,D,--,Open
17726,17727,8:45:01,JSMR,B,RG,3860,1,1,D,--,Open
23831,23832,8:45:01,JSMR,B,RG,3860,3,0,D,--,Amended
27456,27457,8:45:02,JSMR,B,RG,3860,1,1,D,--,Open
37999,38000,8:45:06,JSMR,B,RG,3860,5,0,D,--,Withdrawn
39378,39379,8:45:06,JSMR,B,RG,3860,1,1,D,--,Open
41397,41398,8:45:08,JSMR,B,RG,3860,64,64,D,--,Open
49518,49519,8:46:29,JSMR,B,RG,3860,2,2,D,--,Open
53852,53853,8:54:51,JSMR,B,RG,3860,1,1,D,--,Open
55470,55471,8:57:22,JSMR,B,RG,3860,5,0,D,--,Amended
258349,258350,9:00:34,JSMR,B,RG,3860,1,1,D,--,Open
293167,293168,9:01:29,JSMR,B,RG,3860,20,0,D,--,Withdrawn
396046,396047,9:06:04,JSMR,B,RG,3860,1,1,D,--,Open
512096,512097,9:11:54,JSMR,B,RG,3860,1,1,D,--,Open
566118,566119,9:15:08,JSMR,B,RG,3860,2,2,D,--,Open
849395,849396,9:35:51,JSMR,B,RG,3860,5,5,D,--,Open
964384,964385,9:47:34,JSMR,B,RG,3860,5,5,D,--,Open
1027045,1027046,9:54:48,JSMR,B,RG,3860,1,1,D,--,Open
1072353,1072354,10:00:15,JSMR,B,RG,3860,1,1,D,--,Open
1105073,1105074,10:04:10,JSMR,B,RG,3860,1,1,D,--,Open
1240731,1240732,10:22:31,JSMR,B,RG,3860,10,0,D,--,Withdrawn
1397520,1397521,10:47:40,JSMR,B,RG,3860,5,0,D,--,Withdrawn
1494956,1494957,11:00:57,JSMR,B,RG,3860,2,2,D,--,Open
1536723,1536724,11:07:10,JSMR,B,RG,3860,5,5,D,--,Open
2112359,2112360,14:20:55,JSMR,B,RG,3860,1,1,D,--,Open
2126849,2126850,14:22:47,JSMR,B,RG,3860,250,250,D,--,Open
2128147,2128148,14:22:57,JSMR,B,RG,3860,100,100,D,--,Open
2139723,2139724,14:24:24,JSMR,B,RG,3860,4,0,D,--,Amended
2145561,2145562,14:25:05,JSMR,B,RG,3860,1,1,D,--,Open
2145798,2145799,14:25:07,JSMR,B,RG,3860,15,15,D,--,Open
2150382,2150383,14:25:44,JSMR,B,RG,3860,1,1,D,--,Open
2162065,2162066,14:27:23,JSMR,B,RG,3860,3,3,D,--,Open
2162534,2162535,14:27:28,JSMR,B,RG,3860,3,3,D,--,Open
2180523,2180524,14:29:56,JSMR,B,RG,3860,1,1,D,--,Open
2199807,2199808,14:32:34,JSMR,B,RG,3860,2,0,D,--,Amended
2219064,2219065,14:35:12,JSMR,B,RG,3860,5,5,D,--,Open
2242000,2242001,14:38:22,JSMR,B,RG,3860,25,0,F,--,Withdrawn
2243131,2243132,14:38:31,JSMR,B,RG,3860,1,1,D,--,Open
2267750,2267751,14:41:12,JSMR,B,RG,3860,1,1,D,--,Open
2280973,2280974,14:42:36,JSMR,B,RG,3860,1,1,D,--,Open
2301405,2301406,14:44:39,JSMR,B,RG,3860,100,100,D,--,Open
2325812,2325813,14:47:15,JSMR,B,RG,3860,5,5,D,--,Open
2364554,2364555,14:50:11,JSMR,B,RG,3860,5,0,D,--,Withdrawn
2399704,2399705,14:57:38,JSMR,B,RG,3860,11,0,F,--,Withdrawn
2401874,2401875,14:57:59,JSMR,B,RG,3860,5,5,D,--,Open
5589,5590,8:45:00,JSMR,B,RG,3870,1,0,D,--,Full Matched
14335,14336,8:45:01,JSMR,B,RG,3870,4,0,D,--,Full Matched
31820,31821,8:45:03,JSMR,B,RG,3870,20,0,D,--,Full Matched
34772,34773,8:45:04,JSMR,B,RG,3870,1,0,D,--,Full Matched
38017,38018,8:45:06,JSMR,B,RG,3870,5,0,D,--,Full Matched
55367,55368,8:57:11,JSMR,B,RG,3870,5,0,D,--,Amended
56049,56050,8:58:13,JSMR,B,RG,3870,1,0,D,--,Withdrawn
271202,271203,9:00:49,JSMR,B,RG,3870,30,0,D,--,Full Matched
304616,304617,9:01:59,JSMR,B,RG,3870,10,0,D,--,Withdrawn
313231,313232,9:02:22,JSMR,B,RG,3870,1,0,D,--,Full Matched
472659,472660,9:09:48,JSMR,B,RG,3870,10,0,D,--,Withdrawn
566120,566121,9:15:08,JSMR,B,RG,3870,2,0,D,--,Full Matched
815398,815399,9:32:48,JSMR,B,RG,3870,3,0,D,--,Full Matched
865707,865708,9:37:22,JSMR,B,RG,3870,3,0,D,--,Full Matched
871057,871058,9:37:54,JSMR,B,RG,3870,3,0,D,--,Amended
907869,907870,9:41:37,JSMR,B,RG,3870,3,0,D,--,Full Matched
1070294,1070295,10:00:00,JSMR,B,RG,3870,1,0,D,--,Full Matched
1131264,1131265,10:07:09,JSMR,B,RG,3870,1,0,D,--,Full Matched
1250559,1250560,10:23:56,JSMR,B,RG,3870,10,0,D,--,Withdrawn
1384618,1384619,10:45:27,JSMR,B,RG,3870,1,0,D,--,Full Matched
1553599,1553600,11:09:56,JSMR,B,RG,3870,1,0,D,--,Full Matched
1670459,1670460,11:28:45,JSMR,B,RG,3870,1,0,D,--,Full Matched
1813363,1813364,13:41:25,JSMR,B,RG,3870,100,43,D,--,Partial Matched
2077780,2077781,14:16:58,JSMR,B,RG,3870,1,1,D,--,Open
2106480,2106481,14:20:16,JSMR,B,RG,3870,2,2,D,--,Open
2109731,2109732,14:20:37,JSMR,B,RG,3870,1,1,D,--,Open
2137503,2137504,14:24:07,JSMR,B,RG,3870,2,0,D,--,Amended
2141584,2141585,14:24:37,JSMR,B,RG,3870,250,250,D,--,Open
2144412,2144413,14:24:57,JSMR,B,RG,3870,15,15,D,--,Open
2145086,2145087,14:25:01,JSMR,B,RG,3870,1,1,D,--,Open
2195615,2195616,14:32:00,JSMR,B,RG,3870,6,0,D,--,Amended
2197583,2197584,14:32:16,JSMR,B,RG,3870,1,1,D,--,Open
2218401,2218402,14:35:06,JSMR,B,RG,3870,1,1,D,--,Open
2222049,2222050,14:35:36,JSMR,B,RG,3870,10,10,D,--,Open
2229281,2229282,14:36:39,JSMR,B,RG,3870,10,10,D,--,Open
2242502,2242503,14:38:26,JSMR,B,RG,3870,1,1,D,--,Open
2243304,2243305,14:38:33,JSMR,B,RG,3870,1,1,D,--,Open
2265320,2265321,14:40:58,JSMR,B,RG,3870,10,0,D,--,Withdrawn
2271507,2271508,14:41:35,JSMR,B,RG,3870,1,1,D,--,Open
2272933,2272934,14:41:43,JSMR,B,RG,3870,1,1,D,--,Open
2317632,2317633,14:46:24,JSMR,B,RG,3870,5,5,D,--,Open
2321851,2321852,14:46:51,JSMR,B,RG,3870,200,200,D,--,Open
2326789,2326790,14:47:21,JSMR,B,RG,3870,2,2,D,--,Open
2337847,2337848,14:48:19,JSMR,B,RG,3870,3,0,F,--,Amended
2337847,2353802,14:49:27,JSMR,B,RG,3870,1,0,F,--,Withdrawn
2347522,2347523,14:49:01,JSMR,B,RG,3870,2,2,D,--,Open
2355479,2355480,14:49:34,JSMR,B,RG,3870,1,1,D,--,Open
2356981,2356982,14:49:40,JSMR,B,RG,3870,5,5,D,--,Open
2359659,2359660,14:49:50,JSMR,B,RG,3870,1,0,F,--,Amended
2360274,2360275,14:49:52,JSMR,B,RG,3870,1,0,D,--,Withdrawn
2365364,2365365,14:50:16,JSMR,B,RG,3870,10,10,D,--,Open
2372608,2372609,14:51:10,JSMR,B,RG,3870,2,2,D,--,Open
2374229,2374230,14:51:25,JSMR,B,RG,3870,2,2,D,--,Open
2375162,2375163,14:51:32,JSMR,B,RG,3870,50,0,D,--,Withdrawn
2375165,2375166,14:51:32,JSMR,B,RG,3870,10,10,D,--,Open
2376270,2376271,14:51:41,JSMR,B,RG,3870,114,0,D,--,Withdrawn
2378119,2378120,14:52:01,JSMR,B,RG,3870,5,5,D,--,Open
2378540,2378541,14:52:06,JSMR,B,RG,3870,1,1,D,--,Open
2381187,2381188,14:52:39,JSMR,B,RG,3870,2,2,D,--,Open
2381563,2381564,14:52:43,JSMR,B,RG,3870,5,5,D,--,Open
2384504,2384505,14:53:24,JSMR,B,RG,3870,5,5,D,--,Open
2384736,2384737,14:53:27,JSMR,B,RG,3870,6,6,D,--,Open
2385565,2385566,14:53:39,JSMR,B,RG,3870,1,1,D,--,Open
2387072,2387073,14:54:01,JSMR,B,RG,3870,5,5,D,--,Open
2389983,2389984,14:54:49,JSMR,B,RG,3870,5,5,D,--,Open
2393110,2393111,14:55:41,JSMR,B,RG,3870,1,1,D,--,Open
2398927,2398928,14:57:24,JSMR,B,RG,3870,1,1,D,--,Open
2400894,2400895,14:57:50,JSMR,B,RG,3870,2,2,D,--,Open
2402599,2402600,14:58:16,JSMR,B,RG,3870,1,1,D,--,Open
5623,5624,8:45:00,JSMR,B,RG,3880,1,0,D,--,Full Matched
11719,11720,8:45:00,JSMR,B,RG,3880,4,0,D,--,Full Matched
14216,14217,8:45:00,JSMR,B,RG,3880,1,0,D,--,Full Matched
27651,27652,8:45:02,JSMR,B,RG,3880,5,0,D,--,Withdrawn
37936,37937,8:45:06,JSMR,B,RG,3880,5,0,D,--,Full Matched
52887,52888,8:52:54,JSMR,B,RG,3880,5,0,D,--,Full Matched
53765,53766,8:54:41,JSMR,B,RG,3880,1,0,D,--,Full Matched
240371,240372,9:00:20,JSMR,B,RG,3880,100,0,D,--,Withdrawn
305234,305235,9:02:01,JSMR,B,RG,3880,4,0,D,--,Full Matched
377061,377062,9:05:11,JSMR,B,RG,3880,1,0,D,--,Full Matched
528946,528947,9:12:52,JSMR,B,RG,3880,1,0,D,--,Full Matched
636633,636634,9:19:36,JSMR,B,RG,3880,5,0,D,--,Full Matched
660116,660117,9:21:06,JSMR,B,RG,3880,5,0,D,--,Amended
754398,754399,9:28:00,JSMR,B,RG,3880,1,0,D,--,Full Matched
786363,786364,9:30:28,JSMR,B,RG,3880,25,0,D,--,Full Matched
826394,826395,9:33:46,JSMR,B,RG,3880,3,0,D,--,Full Matched
965227,965228,9:47:40,JSMR,B,RG,3880,30,0,D,--,Full Matched
1034641,1034642,9:55:45,JSMR,B,RG,3880,1,0,D,--,Full Matched
1061673,1061674,9:58:59,JSMR,B,RG,3880,5,0,D,--,Amended
1066878,1066879,9:59:36,JSMR,B,RG,3880,1,0,D,--,Full Matched
1136026,1136027,10:07:46,JSMR,B,RG,3880,5,0,D,--,Withdrawn
1238051,1238052,10:22:08,JSMR,B,RG,3880,10,0,D,--,Amended
1247818,1247819,10:23:31,JSMR,B,RG,3880,40,0,D,--,Full Matched
1247939,1247940,10:23:32,JSMR,B,RG,3880,3,0,D,--,Full Matched
1412704,1412705,10:50:12,JSMR,B,RG,3880,1,0,D,--,Full Matched
1508747,1508748,11:02:52,JSMR,B,RG,3880,1,0,D,--,Full Matched
1871324,1871325,13:49:00,JSMR,B,RG,3880,1,0,D,--,Full Matched
1971535,1971536,14:02:10,JSMR,B,RG,3880,1,0,D,--,Full Matched
2084460,2084461,14:17:43,JSMR,B,RG,3880,1,0,D,--,Full Matched
2102348,2102349,14:19:48,JSMR,B,RG,3880,3,0,D,--,Full Matched
2107160,2107161,14:20:20,JSMR,B,RG,3880,1,0,F,--,Full Matched
2107402,2107403,14:20:21,JSMR,B,RG,3880,1,0,D,--,Full Matched
2123219,2123220,14:22:18,JSMR,B,RG,3880,250,0,D,--,Full Matched
2139727,2139728,14:24:24,JSMR,B,RG,3880,100,0,D,--,Full Matched
2143035,2143036,14:24:47,JSMR,B,RG,3880,15,0,D,--,Full Matched
2144231,2144232,14:24:55,JSMR,B,RG,3880,1,0,D,--,Full Matched
2146335,2146336,14:25:11,JSMR,B,RG,3880,2,0,D,--,Full Matched
2148067,2148068,14:25:24,JSMR,B,RG,3880,3,0,F,--,Full Matched
2154391,2154392,14:26:18,JSMR,B,RG,3880,1,0,D,--,Full Matched
2154493,2154494,14:26:19,JSMR,B,RG,3880,10,0,D,--,Full Matched
2156763,2156764,14:26:40,JSMR,B,RG,3880,5,0,D,--,Full Matched
2157356,2157357,14:26:44,JSMR,B,RG,3880,5,0,D,--,Full Matched
2161841,2161842,14:27:21,JSMR,B,RG,3880,25,0,D,--,Amended
2164958,2164959,14:27:49,JSMR,B,RG,3880,100,0,D,--,Withdrawn
2177459,2177460,14:29:31,JSMR,B,RG,3880,2,0,D,--,Full Matched
2178850,2178851,14:29:42,JSMR,B,RG,3880,231,0,D,--,Full Matched
2178990,2178991,14:29:43,JSMR,B,RG,3880,6,0,F,--,Amended
2178990,2330882,14:47:48,JSMR,B,RG,3880,3,0,F,--,Full Matched
2183439,2183440,14:30:19,JSMR,B,RG,3880,1,0,F,--,Full Matched
2183839,2183840,14:30:22,JSMR,B,RG,3880,1,0,D,--,Full Matched
2188289,2188290,14:31:00,JSMR,B,RG,3880,1,0,F,--,Full Matched
2189342,2189343,14:31:08,JSMR,B,RG,3880,30,0,D,--,Full Matched
2189767,2189768,14:31:12,JSMR,B,RG,3880,3,0,D,--,Full Matched
2190198,2190199,14:31:15,JSMR,B,RG,3880,1,0,D,--,Full Matched
2192329,2192330,14:31:33,JSMR,B,RG,3880,1,0,D,--,Full Matched
2197298,2197299,14:32:14,JSMR,B,RG,3880,5,0,D,--,Full Matched
2199365,2199366,14:32:30,JSMR,B,RG,3880,1,0,D,--,Full Matched
2215349,2215350,14:34:40,JSMR,B,RG,3880,5,0,D,--,Full Matched
2216128,2216129,14:34:47,JSMR,B,RG,3880,1,0,D,--,Full Matched
2217170,2217171,14:34:57,JSMR,B,RG,3880,1,0,D,--,Full Matched
2219622,2219623,14:35:16,JSMR,B,RG,3880,10,0,D,--,Full Matched
2220579,2220580,14:35:24,JSMR,B,RG,3880,2,0,D,--,Full Matched
2222026,2222027,14:35:36,JSMR,B,RG,3880,20,0,D,--,Full Matched
2225402,2225403,14:36:06,JSMR,B,RG,3880,2,0,D,--,Withdrawn
2230197,2230198,14:36:46,JSMR,B,RG,3880,2,0,D,--,Full Matched
2231852,2231853,14:37:00,JSMR,B,RG,3880,1,0,D,--,Full Matched
2234468,2234469,14:37:23,JSMR,B,RG,3880,6,0,D,--,Amended
2249516,2249517,14:39:19,JSMR,B,RG,3880,10,0,D,--,Full Matched
2256847,2256848,14:40:07,JSMR,B,RG,3880,10,0,D,--,Full Matched
2258378,2258379,14:40:16,JSMR,B,RG,3880,3,0,F,--,Amended
2263514,2263515,14:40:47,JSMR,B,RG,3880,1,0,D,--,Full Matched
2280215,2280216,14:42:32,JSMR,B,RG,3880,5,0,D,--,Full Matched
2287796,2287797,14:43:19,JSMR,B,RG,3880,1,0,D,--,Full Matched
2293212,2293213,14:43:53,JSMR,B,RG,3880,10,0,D,--,Full Matched
2296890,2296891,14:44:11,JSMR,B,RG,3880,100,0,D,--,Full Matched
2298035,2298036,14:44:18,JSMR,B,RG,3880,100,0,D,--,Full Matched
2317416,2317417,14:46:23,JSMR,B,RG,3880,20,0,D,--,Withdrawn
2335717,2335718,14:48:07,JSMR,B,RG,3880,2,0,D,--,Full Matched
2336490,2336491,14:48:12,JSMR,B,RG,3880,10,0,D,--,Full Matched
2337844,2337845,14:48:19,JSMR,B,RG,3880,1,0,F,--,Full Matched
2357405,2357406,14:49:42,JSMR,B,RG,3880,2,0,F,--,Full Matched
2357578,2357579,14:49:42,JSMR,B,RG,3880,1,0,F,--,Full Matched
2359989,2359990,14:49:51,JSMR,B,RG,3880,1,0,F,--,Full Matched
2364442,2364443,14:50:10,JSMR,B,RG,3880,50,0,D,--,Withdrawn
2370175,2370176,14:50:53,JSMR,B,RG,3880,15,0,D,--,Withdrawn
2374390,2374391,14:51:27,JSMR,B,RG,3880,1,1,D,--,Open
2379116,2379117,14:52:13,JSMR,B,RG,3880,4,4,D,--,Open
2383156,2383157,14:53:05,JSMR,B,RG,3880,10,10,D,--,Open
2383293,2383294,14:53:07,JSMR,B,RG,3880,1,1,D,--,Open
2394342,2394343,14:56:01,JSMR,B,RG,3880,1,1,F,--,Open
2398534,2398535,14:57:17,JSMR,B,RG,3880,1,1,D,--,Open
2399274,2399275,14:57:31,JSMR,B,RG,3880,10,10,D,--,Open
2570,2571,8:45:00,JSMR,B,RG,3890,75,0,D,--,Full Matched
2721,2722,8:45:00,JSMR,B,RG,3890,1,0,D,--,Full Matched
16478,16479,8:45:01,JSMR,B,RG,3890,1,0,D,--,Full Matched
16627,16628,8:45:01,JSMR,B,RG,3890,55,0,D,--,Full Matched
19513,19514,8:45:01,JSMR,B,RG,3890,1,0,D,--,Withdrawn
23884,23885,8:45:01,JSMR,B,RG,3890,3,0,D,--,Full Matched
26676,26677,8:45:02,JSMR,B,RG,3890,1,0,D,--,Full Matched
31042,31043,8:45:03,JSMR,B,RG,3890,5,0,D,--,Full Matched
38015,38016,8:45:06,JSMR,B,RG,3890,5,0,D,--,Full Matched
52634,52635,8:52:24,JSMR,B,RG,3890,1,0,D,--,Full Matched
52764,52765,8:52:39,JSMR,B,RG,3890,1,0,D,--,Withdrawn
54787,54788,8:56:14,JSMR,B,RG,3890,20,0,D,--,Amended
55156,55157,8:56:52,JSMR,B,RG,3890,5,0,D,--,Amended
56276,56277,8:58:29,JSMR,B,RG,3890,1,0,D,--,Withdrawn
57907,57908,9:00:00,JSMR,B,RG,3890,50,0,D,--,Withdrawn
212402,212403,9:00:10,JSMR,B,RG,3890,1,0,D,--,Full Matched
259467,259468,9:00:35,JSMR,B,RG,3890,10,0,D,--,Full Matched
278619,278620,9:00:57,JSMR,B,RG,3890,1,0,D,--,Full Matched
288598,288599,9:01:17,JSMR,B,RG,3890,100,0,D,--,Withdrawn
339672,339673,9:03:31,JSMR,B,RG,3890,1,0,D,--,Full Matched
368595,368596,9:04:50,JSMR,B,RG,3890,1,0,D,--,Full Matched
373878,373879,9:05:03,JSMR,B,RG,3890,1,0,D,--,Full Matched
450798,450799,9:08:42,JSMR,B,RG,3890,3,0,D,--,Withdrawn
763897,763898,9:28:42,JSMR,B,RG,3890,5,0,D,--,Full Matched
769400,769401,9:29:08,JSMR,B,RG,3890,40,0,D,--,Full Matched
825598,825599,9:33:42,JSMR,B,RG,3890,3,0,D,--,Withdrawn
894269,894270,9:40:12,JSMR,B,RG,3890,5,0,D,--,Full Matched
970911,970912,9:48:19,JSMR,B,RG,3890,20,0,D,--,Full Matched
1025043,1025044,9:54:34,JSMR,B,RG,3890,1,0,D,--,Amended
1051202,1051203,9:57:46,JSMR,B,RG,3890,10,0,D,--,Full Matched
1064462,1064463,9:59:19,JSMR,B,RG,3890,1,0,D,--,Full Matched
1090303,1090304,10:02:21,JSMR,B,RG,3890,1,0,D,--,Full Matched
1129074,1129075,10:06:51,JSMR,B,RG,3890,10,0,D,--,Full Matched
1177630,1177631,10:13:41,JSMR,B,RG,3890,1,0,D,--,Full Matched
1186349,1186350,10:14:54,JSMR,B,RG,3890,2,0,D,--,Full Matched
1225534,1225535,10:20:28,JSMR,B,RG,3890,1,0,F,--,Withdrawn
1236450,1236451,10:21:55,JSMR,B,RG,3890,12,0,D,--,Full Matched
1358247,1358248,10:41:18,JSMR,B,RG,3890,1,0,D,--,Full Matched
1504728,1504729,11:02:18,JSMR,B,RG,3890,10,0,D,--,Full Matched
1574093,1574094,11:13:21,JSMR,B,RG,3890,1,0,D,--,Full Matched
1730492,1730493,13:30:30,JSMR,B,RG,3890,250,0,D,--,Full Matched
1813894,1813895,13:41:29,JSMR,B,RG,3890,1,0,D,--,Withdrawn
1918094,1918095,13:55:02,JSMR,B,RG,3890,2,0,D,--,Full Matched
2028971,2028972,14:10:17,JSMR,B,RG,3890,1,0,D,--,Full Matched
2040495,2040496,14:11:52,JSMR,B,RG,3890,2,0,D,--,Full Matched
2055555,2055556,14:13:57,JSMR,B,RG,3890,20,0,D,--,Full Matched
2073256,2073257,14:16:23,JSMR,B,RG,3890,4,0,F,--,Amended
2073256,2107159,14:20:20,JSMR,B,RG,3890,1,0,F,--,Full Matched
2105064,2105065,14:20:06,JSMR,B,RG,3890,1,0,D,--,Full Matched
2110535,2110536,14:20:42,JSMR,B,RG,3890,3,0,D,--,Withdrawn
2122472,2122473,14:22:12,JSMR,B,RG,3890,1,0,D,--,Full Matched
2126054,2126055,14:22:41,JSMR,B,RG,3890,2,0,D,--,Full Matched
2128039,2128040,14:22:57,JSMR,B,RG,3890,1,0,D,--,Full Matched
2136824,2136825,14:24:02,JSMR,B,RG,3890,2,0,D,--,Full Matched
2161653,2161654,14:27:20,JSMR,B,RG,3890,12,0,D,--,Full Matched
2197824,2197825,14:32:18,JSMR,B,RG,3890,11,0,D,--,Full Matched
2226561,2226562,14:36:15,JSMR,B,RG,3890,100,0,D,--,Full Matched
2234552,2234553,14:37:23,JSMR,B,RG,3890,11,0,D,--,Full Matched
2236315,2236316,14:37:38,JSMR,B,RG,3890,10,0,D,--,Full Matched
2239503,2239504,14:38:04,JSMR,B,RG,3890,1,0,F,--,Full Matched
2258375,2258376,14:40:16,JSMR,B,RG,3890,4,0,F,--,Full Matched
2264683,2264684,14:40:55,JSMR,B,RG,3890,25,0,D,--,Full Matched
2277574,2277575,14:42:14,JSMR,B,RG,3890,3,0,F,--,Full Matched
2281216,2281217,14:42:37,JSMR,B,RG,3890,3,0,D,--,Full Matched
2281697,2281698,14:42:41,JSMR,B,RG,3890,2,0,D,--,Full Matched
2283548,2283549,14:42:53,JSMR,B,RG,3890,2,0,D,--,Full Matched
2290931,2290932,14:43:39,JSMR,B,RG,3890,6,0,D,--,Full Matched
2291484,2291485,14:43:43,JSMR,B,RG,3890,1,0,D,--,Full Matched
2295593,2295594,14:44:05,JSMR,B,RG,3890,3,0,F,--,Full Matched
2302473,2302474,14:44:46,JSMR,B,RG,3890,52,0,D,--,Full Matched
2307948,2307949,14:45:20,JSMR,B,RG,3890,3,0,F,--,Full Matched
2309691,2309692,14:45:31,JSMR,B,RG,3890,20,0,D,--,Full Matched
2319025,2319026,14:46:33,JSMR,B,RG,3890,5,0,D,--,Full Matched
2326297,2326298,14:47:18,JSMR,B,RG,3890,1,0,F,--,Full Matched
2328614,2328615,14:47:33,JSMR,B,RG,3890,15,0,D,--,Full Matched
2331645,2331646,14:47:50,JSMR,B,RG,3890,10,0,D,--,Full Matched
2379299,2379300,14:52:15,JSMR,B,RG,3890,1,0,D,--,Full Matched
2404203,2404204,15:01:03,JSMR,B,RG,3890,1,0,D,--,Full Matched
2405026,2405027,15:01:20,JSMR,B,RG,3890,10,0,D,--,Full Matched
2408636,2408637,15:02:41,JSMR,B,RG,3890,1,0,D,--,Full Matched
2415192,2415193,15:05:32,JSMR,B,RG,3890,1,0,D,--,Full Matched
2419771,2419772,15:08:17,JSMR,B,RG,3890,1,0,D,--,Full Matched
2421955,2421956,15:09:54,JSMR,B,RG,3890,250,28,D,--,Partial Matched
2425389,2425390,15:12:39,JSMR,B,RG,3890,22,22,D,--,Open
2435279,2435280,15:14:10,JSMR,B,RG,3890,3,3,D,--,Open
12015,12016,8:45:00,JSMR,B,RG,3900,4,0,D,--,Full Matched
25936,25937,8:45:01,JSMR,B,RG,3900,7,0,D,--,Full Matched
37922,37923,8:45:06,JSMR,B,RG,3900,5,0,D,--,Full Matched
142025,142026,9:00:05,JSMR,B,RG,3900,1,0,F,--,Withdrawn
293321,293322,9:01:29,JSMR,B,RG,3900,3,0,D,--,Full Matched
321498,321499,9:02:43,JSMR,B,RG,3900,1,0,F,--,Amended
323193,323194,9:02:47,JSMR,B,RG,3900,100,0,D,--,Full Matched
336538,336539,9:03:22,JSMR,B,RG,3900,5,0,D,--,Full Matched
342930,342931,9:03:39,JSMR,B,RG,3900,30,0,D,--,Amended
394405,394406,9:05:59,JSMR,B,RG,3900,3,0,D,--,Amended
470104,470105,9:09:40,JSMR,B,RG,3900,5,0,D,--,Withdrawn
477444,477445,9:10:02,JSMR,B,RG,3900,1,0,D,--,Withdrawn
566948,566949,9:15:11,JSMR,B,RG,3900,10,0,D,--,Full Matched
648180,648181,9:20:20,JSMR,B,RG,3900,5,0,D,--,Amended
702898,702899,9:24:13,JSMR,B,RG,3900,1,0,D,--,Full Matched
718057,718058,9:25:22,JSMR,B,RG,3900,30,0,D,--,Full Matched
728511,728512,9:26:05,JSMR,B,RG,3900,50,0,D,--,Full Matched
858859,858860,9:36:41,JSMR,B,RG,3900,2,0,D,--,Full Matched
875969,875970,9:38:22,JSMR,B,RG,3900,2,0,F,--,Full Matched
888498,888499,9:39:38,JSMR,B,RG,3900,100,0,D,--,Full Matched
905625,905626,9:41:23,JSMR,B,RG,3900,4,0,D,--,Full Matched
917269,917270,9:42:36,JSMR,B,RG,3900,2,0,F,--,Full Matched
937344,937345,9:44:39,JSMR,B,RG,3900,3,0,D,--,Full Matched
944276,944277,9:45:20,JSMR,B,RG,3900,7,0,D,--,Full Matched
945685,945686,9:45:28,JSMR,B,RG,3900,1,0,F,--,Full Matched
1017262,1017263,9:53:36,JSMR,B,RG,3900,3,0,D,--,Withdrawn
1018160,1018161,9:53:43,JSMR,B,RG,3900,1,0,D,--,Full Matched
1032872,1032873,9:55:31,JSMR,B,RG,3900,1,0,D,--,Full Matched
1063262,1063263,9:59:11,JSMR,B,RG,3900,1,0,D,--,Full Matched
1091319,1091320,10:02:28,JSMR,B,RG,3900,1,0,D,--,Full Matched
1095294,1095295,10:02:56,JSMR,B,RG,3900,1,0,D,--,Full Matched
1132027,1132028,10:07:15,JSMR,B,RG,3900,8,0,D,--,Full Matched
1157476,1157477,10:10:42,JSMR,B,RG,3900,1,0,D,--,Full Matched
1159405,1159406,10:10:59,JSMR,B,RG,3900,1,0,D,--,Full Matched
1176500,1176501,10:13:30,JSMR,B,RG,3900,100,0,D,--,Amended Match
1184492,1184493,10:14:36,JSMR,B,RG,3900,1,0,D,--,Full Matched
1189449,1189450,10:15:21,JSMR,B,RG,3900,11,0,F,--,Amended
1189449,1273588,10:27:27,JSMR,B,RG,3900,8,0,F,--,Amended
1211071,1211072,10:18:30,JSMR,B,RG,3900,10,0,D,--,Full Matched
1231022,1231023,10:21:13,JSMR,B,RG,3900,12850,0,D,--,Full Matched
1231112,1231113,10:21:14,JSMR,B,RG,3900,13,0,F,--,Amended
1257260,1257261,10:24:58,JSMR,B,RG,3900,1,0,D,--,Full Matched
1260975,1260976,10:25:27,JSMR,B,RG,3900,1,0,F,--,Withdrawn
1278864,1278865,10:28:18,JSMR,B,RG,3900,1,0,D,--,Full Matched
1294199,1294200,10:30:56,JSMR,B,RG,3900,20,0,D,--,Full Matched
1343817,1343818,10:38:53,JSMR,B,RG,3900,9,0,D,--,Full Matched
1349384,1349385,10:39:53,JSMR,B,RG,3900,9,0,F,--,Withdrawn
1359155,1359156,10:41:26,JSMR,B,RG,3900,1,0,D,--,Full Matched
1382282,1382283,10:45:04,JSMR,B,RG,3900,1,0,D,--,Full Matched
1483100,1483101,10:59:27,JSMR,B,RG,3900,10,0,F,--,Withdrawn
1484349,1484350,10:59:37,JSMR,B,RG,3900,1,0,D,--,Full Matched
1496279,1496280,11:01:08,JSMR,B,RG,3900,3,0,D,--,Full Matched
1500154,1500155,11:01:40,JSMR,B,RG,3900,1,0,D,--,Full Matched
1500439,1500440,11:01:42,JSMR,B,RG,3900,7,0,D,--,Full Matched
1502984,1502985,11:02:04,JSMR,B,RG,3900,10,0,D,--,Withdrawn
1525109,1525110,11:05:20,JSMR,B,RG,3900,2,0,F,--,Withdrawn
1547625,1547626,11:08:58,JSMR,B,RG,3900,10,0,D,--,Full Matched
1564782,1564783,11:11:54,JSMR,B,RG,3900,10,0,D,--,Withdrawn
1572594,1572595,11:13:07,JSMR,B,RG,3900,3,0,D,--,Amended
1593831,1593832,11:16:29,JSMR,B,RG,3900,2,0,F,--,Amended
1593831,1730062,13:30:25,JSMR,B,RG,3900,1,0,F,--,Full Matched
1593832,1593833,11:16:29,JSMR,B,RG,3900,11,0,F,--,Amended
1593972,1593973,11:16:31,JSMR,B,RG,3900,11,0,F,--,Amended
1611688,1611689,11:19:34,JSMR,B,RG,3900,2,0,D,--,Full Matched
1616743,1616744,11:20:22,JSMR,B,RG,3900,3,0,F,--,Withdrawn
1686760,1686761,13:30:01,JSMR,B,RG,3900,2,0,D,--,Full Matched
1693707,1693708,13:30:02,JSMR,B,RG,3900,15,0,D,--,Full Matched
1696247,1696248,13:30:02,JSMR,B,RG,3900,3,0,D,--,Full Matched
1697093,1697094,13:30:02,JSMR,B,RG,3900,3,0,D,--,Full Matched
1704238,1704239,13:30:03,JSMR,B,RG,3900,1,0,D,--,Full Matched
1709207,1709208,13:30:04,JSMR,B,RG,3900,10,0,F,--,Withdrawn
1718265,1718266,13:30:05,JSMR,B,RG,3900,1,0,D,--,Full Matched
1719530,1719531,13:30:06,JSMR,B,RG,3900,3,0,D,--,Full Matched
1749635,1749636,13:33:18,JSMR,B,RG,3900,15,0,F,--,Amended
1749635,1843945,13:45:23,JSMR,B,RG,3900,13,0,F,--,Full Matched
1771061,1771062,13:36:08,JSMR,B,RG,3900,11,0,D,--,Full Matched
1778801,1778802,13:37:10,JSMR,B,RG,3900,1,0,D,--,Full Matched
1801597,1801598,13:40:01,JSMR,B,RG,3900,12,0,D,--,Amended
1811547,1811548,13:41:11,JSMR,B,RG,3900,1,0,D,--,Full Matched
1818997,1818998,13:42:10,JSMR,B,RG,3900,1,0,D,--,Full Matched
1847541,1847542,13:45:51,JSMR,B,RG,3900,1,0,D,--,Full Matched
1855467,1855468,13:46:53,JSMR,B,RG,3900,1,0,D,--,Full Matched
1859762,1859763,13:47:31,JSMR,B,RG,3900,5,0,D,--,Full Matched
1867110,1867111,13:48:31,JSMR,B,RG,3900,10,0,D,--,Full Matched
1882384,1882385,13:50:25,JSMR,B,RG,3900,4,0,F,--,Amended
1882384,2069089,14:15:53,JSMR,B,RG,3900,3,0,F,--,Full Matched
1901688,1901689,13:53:11,JSMR,B,RG,3900,2,0,D,--,Full Matched
1902263,1902264,13:53:16,JSMR,B,RG,3900,50,0,D,--,Amended
1952074,1952075,13:59:20,JSMR,B,RG,3900,7,0,D,--,Full Matched
1975115,1975116,14:02:38,JSMR,B,RG,3900,10,0,D,--,Full Matched
1994274,1994275,14:05:22,JSMR,B,RG,3900,56,0,D,--,Withdrawn
2012327,2012328,14:07:58,JSMR,B,RG,3900,1,0,D,--,Full Matched
2043163,2043164,14:12:16,JSMR,B,RG,3900,10,0,D,--,Full Matched
2121942,2121943,14:22:08,JSMR,B,RG,3900,11,0,D,--,Full Matched
55238,55239,8:57:00,JSMR,B,RG,3910,150,0,D,--,Full Matched
181119,181120,9:00:08,JSMR,B,RG,3910,1,0,F,--,Full Matched
238615,238616,9:00:19,JSMR,B,RG,3910,10,0,D,--,Full Matched
281450,281451,9:01:01,JSMR,B,RG,3910,1,0,F,--,Withdrawn
344224,344225,9:03:43,JSMR,B,RG,3910,1,0,D,--,Full Matched
350333,350334,9:04:00,JSMR,B,RG,3910,20,0,D,--,Full Matched
358509,358510,9:04:23,JSMR,B,RG,3910,1,0,F,--,Withdrawn
370739,370740,9:04:56,JSMR,B,RG,3910,5,0,D,--,Full Matched
387139,387140,9:05:39,JSMR,B,RG,3910,30,0,D,--,Full Matched
429840,429841,9:07:38,JSMR,B,RG,3910,5,0,D,--,Withdrawn
439420,439421,9:08:07,JSMR,B,RG,3910,1,0,F,--,Full Matched
439659,439660,9:08:07,JSMR,B,RG,3910,95,0,D,--,Withdrawn
471165,471166,9:09:43,JSMR,B,RG,3910,1,0,D,--,Full Matched
486076,486077,9:10:29,JSMR,B,RG,3910,1,0,D,--,Full Matched
501132,501133,9:11:18,JSMR,B,RG,3910,1,0,F,--,Full Matched
550639,550640,9:14:10,JSMR,B,RG,3910,1,0,D,--,Full Matched
570658,570659,9:15:25,JSMR,B,RG,3910,1,0,F,--,Full Matched
573249,573250,9:15:34,JSMR,B,RG,3910,4,0,D,--,Withdrawn
653780,653781,9:20:41,JSMR,B,RG,3910,5,0,D,--,Full Matched
667941,667942,9:21:38,JSMR,B,RG,3910,50,0,D,--,Full Matched
715616,715617,9:25:11,JSMR,B,RG,3910,1,0,D,--,Full Matched
783092,783093,9:30:14,JSMR,B,RG,3910,3,0,D,--,Full Matched
788894,788895,9:30:40,JSMR,B,RG,3910,1,0,D,--,Full Matched
831451,831452,9:34:14,JSMR,B,RG,3910,6,0,F,--,Full Matched
844401,844402,9:35:23,JSMR,B,RG,3910,1,0,D,--,Full Matched
877019,877020,9:38:28,JSMR,B,RG,3910,30,0,D,--,Full Matched
883462,883463,9:39:07,JSMR,B,RG,3910,10,0,D,--,Full Matched
914770,914771,9:42:21,JSMR,B,RG,3910,2,0,D,--,Full Matched
1000646,1000647,9:51:41,JSMR,B,RG,3910,1,0,D,--,Full Matched
1021181,1021182,9:54:05,JSMR,B,RG,3910,20,0,D,--,Full Matched
1024232,1024233,9:54:28,JSMR,B,RG,3910,3,0,D,--,Full Matched
1028035,1028036,9:54:56,JSMR,B,RG,3910,1,0,D,--,Full Matched
1033508,1033509,9:55:35,JSMR,B,RG,3910,2,0,D,--,Full Matched
1056122,1056123,9:58:21,JSMR,B,RG,3910,2,0,D,--,Full Matched
1118088,1118089,10:05:33,JSMR,B,RG,3910,11,0,D,--,Full Matched
1121159,1121160,10:05:54,JSMR,B,RG,3910,1,0,D,--,Full Matched
1150727,1150728,10:09:47,JSMR,B,RG,3910,20,0,D,--,Full Matched
1156411,1156412,10:10:33,JSMR,B,RG,3910,11,0,D,--,Full Matched
1156529,1156530,10:10:33,JSMR,B,RG,3910,1,0,D,--,Full Matched
1190241,1190242,10:15:27,JSMR,B,RG,3910,1,0,D,--,Full Matched
1190616,1190617,10:15:30,JSMR,B,RG,3910,12,0,D,--,Full Matched
1230426,1230427,10:21:09,JSMR,B,RG,3910,11,0,D,--,Full Matched
1233363,1233364,10:21:31,JSMR,B,RG,3910,1,0,D,--,Full Matched
1259694,1259695,10:25:18,JSMR,B,RG,3910,11,0,D,--,Full Matched
1267650,1267651,10:26:27,JSMR,B,RG,3910,140,0,D,--,Full Matched
1273512,1273513,10:27:26,JSMR,B,RG,3910,5,0,D,--,Full Matched
1273588,1273589,10:27:27,JSMR,B,RG,3910,4,0,F,--,Full Matched
1284850,1284851,10:29:20,JSMR,B,RG,3910,3,0,D,--,Full Matched
1290628,1290629,10:30:20,JSMR,B,RG,3910,3,0,F,--,Full Matched
1306895,1306896,10:33:00,JSMR,B,RG,3910,5,0,D,--,Full Matched
1314159,1314160,10:34:08,JSMR,B,RG,3910,100,0,D,--,Full Matched
1331895,1331896,10:37:01,JSMR,B,RG,3910,50,0,D,--,Withdrawn
1352766,1352767,10:40:26,JSMR,B,RG,3910,1,0,F,--,Full Matched
1370946,1370947,10:43:08,JSMR,B,RG,3910,20,0,D,--,Withdrawn
1383964,1383965,10:45:21,JSMR,B,RG,3910,2,0,F,--,Full Matched
1405283,1405284,10:49:01,JSMR,B,RG,3910,1,0,D,--,Full Matched
1443300,1443301,10:54:24,JSMR,B,RG,3910,130,0,D,--,Full Matched
1508234,1508235,11:02:47,JSMR,B,RG,3910,10,0,D,--,Full Matched
1509339,1509340,11:02:57,JSMR,B,RG,3910,3,0,D,--,Full Matched
1525746,1525747,11:05:24,JSMR,B,RG,3910,11,0,D,--,Full Matched
1537884,1537885,11:07:21,JSMR,B,RG,3910,1,0,D,--,Full Matched
1541463,1541464,11:07:57,JSMR,B,RG,3910,2,0,D,--,Full Matched
1554564,1554565,11:10:06,JSMR,B,RG,3910,11,0,D,--,Full Matched
1558567,1558568,11:10:47,JSMR,B,RG,3910,71,0,D,--,Full Matched
1593643,1593644,11:16:28,JSMR,B,RG,3910,50,0,D,--,Full Matched
1593718,1593719,11:16:28,JSMR,B,RG,3910,5,0,F,--,Full Matched
1593828,1593829,11:16:29,JSMR,B,RG,3910,8,0,F,--,Withdrawn
1593941,1593942,11:16:30,JSMR,B,RG,3910,8,0,F,--,Full Matched
1597952,1597953,11:17:10,JSMR,B,RG,3910,10,0,D,--,Full Matched
1616422,1616423,11:20:20,JSMR,B,RG,3910,11,0,D,--,Full Matched
1647738,1647739,11:25:27,JSMR,B,RG,3910,11,0,D,--,Full Matched
1653373,1653374,11:26:18,JSMR,B,RG,3910,26,0,D,--,Full Matched
1653581,1653582,11:26:20,JSMR,B,RG,3910,260,0,D,--,Full Matched
1653624,1653625,11:26:20,JSMR,B,RG,3910,5,0,F,--,Full Matched
1658838,1658839,11:27:14,JSMR,B,RG,3910,1,0,D,--,Full Matched
1659339,1659340,11:27:19,JSMR,B,RG,3910,109,0,D,--,Full Matched
1675905,1675906,11:29:27,JSMR,B,RG,3910,1,0,F,--,Full Matched
1680575,1680576,13:30:00,JSMR,B,RG,3910,109,0,D,--,Full Matched
1698480,1698481,13:30:02,JSMR,B,RG,3910,1,0,D,--,Full Matched
1716639,1716640,13:30:05,JSMR,B,RG,3910,16,0,D,--,Full Matched
1720731,1720732,13:30:06,JSMR,B,RG,3910,30,0,D,--,Full Matched
1726427,1726428,13:30:12,JSMR,B,RG,3910,3,0,D,--,Full Matched
1730062,1730063,13:30:25,JSMR,B,RG,3910,1,0,F,--,Full Matched
1758607,1758608,13:34:32,JSMR,B,RG,3910,1,0,D,--,Full Matched
1780253,1780254,13:37:21,JSMR,B,RG,3910,11,0,D,--,Full Matched
1813725,1813726,13:41:28,JSMR,B,RG,3910,2,0,D,--,Full Matched
1818516,1818517,13:42:06,JSMR,B,RG,3910,11,0,D,--,Full Matched
1862456,1862457,13:47:56,JSMR,B,RG,3910,12,0,D,--,Full Matched
1866085,1866086,13:48:24,JSMR,B,RG,3910,80,0,D,--,Full Matched
1906409,1906410,13:53:46,JSMR,B,RG,3910,12,0,D,--,Full Matched
1935003,1935004,13:56:58,JSMR,B,RG,3910,2,0,F,--,Full Matched
1937981,1937982,13:57:22,JSMR,B,RG,3910,11,0,D,--,Full Matched
1947775,1947776,13:58:44,JSMR,B,RG,3910,1,0,F,--,Full Matched
1961913,1961914,14:00:44,JSMR,B,RG,3910,1,0,F,--,Full Matched
1972462,1972463,14:02:17,JSMR,B,RG,3910,12,0,D,--,Full Matched
1989901,1989902,14:04:46,JSMR,B,RG,3910,2,0,F,--,Full Matched
1993536,1993537,14:05:17,JSMR,B,RG,3910,15,0,D,--,Full Matched
1994181,1994182,14:05:22,JSMR,B,RG,3910,1,0,F,--,Full Matched
2006218,2006219,14:07:06,JSMR,B,RG,3910,11,0,D,--,Full Matched
2012899,2012900,14:08:03,JSMR,B,RG,3910,1,0,D,--,Full Matched
2019102,2019103,14:08:55,JSMR,B,RG,3910,2,0,F,--,Full Matched
2042646,2042647,14:12:12,JSMR,B,RG,3910,12,0,D,--,Full Matched
2045283,2045284,14:12:37,JSMR,B,RG,3910,1,0,F,--,Full Matched
2058675,2058676,14:14:24,JSMR,B,RG,3910,1,0,F,--,Full Matched
2065439,2065440,14:15:22,JSMR,B,RG,3910,1,0,F,--,Full Matched
2078508,2078509,14:17:03,JSMR,B,RG,3910,1,0,D,--,Full Matched
2080039,2080040,14:17:13,JSMR,B,RG,3910,11,0,D,--,Full Matched
400459,400460,9:06:16,JSMR,B,RG,3920,1,0,D,--,Full Matched
401261,401262,9:06:18,JSMR,B,RG,3920,2,0,D,--,Full Matched
401650,401651,9:06:19,JSMR,B,RG,3920,28,0,D,--,Full Matched
401713,401714,9:06:19,JSMR,B,RG,3920,3,0,F,--,Full Matched
485641,485642,9:10:28,JSMR,B,RG,3920,1,0,D,--,Full Matched
509716,509717,9:11:47,JSMR,B,RG,3920,1,0,D,--,Full Matched
547978,547979,9:14:00,JSMR,B,RG,3920,2,0,D,--,Full Matched
556729,556730,9:14:33,JSMR,B,RG,3920,2,0,D,--,Full Matched
574400,574401,9:15:38,JSMR,B,RG,3920,1,0,D,--,Full Matched
608348,608349,9:17:48,JSMR,B,RG,3920,3,0,D,--,Full Matched
725016,725017,9:25:50,JSMR,B,RG,3920,30,0,D,--,Full Matched
735414,735415,9:26:34,JSMR,B,RG,3920,8,0,D,--,Full Matched
853528,853529,9:36:12,JSMR,B,RG,3920,1,0,D,--,Full Matched
857252,857253,9:36:32,JSMR,B,RG,3920,1,0,D,--,Full Matched
861587,861588,9:36:57,JSMR,B,RG,3920,3,0,D,--,Full Matched
1268569,1268570,10:26:35,JSMR,B,RG,3920,1,0,D,--,Full Matched
1289283,1289284,10:30:06,JSMR,B,RG,3920,25,0,D,--,Full Matched
1297826,1297827,10:31:30,JSMR,B,RG,3920,12,0,D,--,Full Matched
1317183,1317184,10:34:38,JSMR,B,RG,3920,10,0,D,--,Full Matched
1325157,1325158,10:35:54,JSMR,B,RG,3920,11,0,D,--,Full Matched
1347714,1347715,10:39:35,JSMR,B,RG,3920,1,0,F,--,Full Matched
1349279,1349280,10:39:52,JSMR,B,RG,3920,312,0,D,--,Full Matched
1349295,1349296,10:39:52,JSMR,B,RG,3920,8,0,F,--,Full Matched
1489203,1489204,11:00:16,JSMR,B,RG,3920,11,0,D,--,Full Matched
1587213,1587214,11:15:28,JSMR,B,RG,3920,12,0,D,--,Full Matched
1591647,1591648,11:16:09,JSMR,B,RG,3920,1,0,D,--,Full Matched
1686902,1686903,13:30:01,JSMR,B,RG,3920,25,0,D,--,Full Matched
1703131,1703132,13:30:03,JSMR,B,RG,3920,1,0,D,--,Full Matched
1744880,1744881,13:32:39,JSMR,B,RG,3920,12,0,D,--,Full Matched
1895007,1895008,13:52:12,JSMR,B,RG,3920,11,0,D,--,Full Matched
308762,308763,9:02:10,JSMR,B,RG,3930,1,0,D,--,Full Matched
1352239,1352240,10:40:22,JSMR,B,RG,3930,1,0,D,--,Full Matched
1355532,1355533,10:40:54,JSMR,B,RG,3930,12,0,D,--,Full Matched
1370354,1370355,10:43:02,JSMR,B,RG,3930,5,0,D,--,Full Matched
1374118,1374119,10:43:41,JSMR,B,RG,3930,4,0,D,--,Full Matched
1387335,1387336,10:45:53,JSMR,B,RG,3930,11,0,D,--,Full Matched
1389496,1389497,10:46:15,JSMR,B,RG,3930,50,0,D,--,Full Matched
1406420,1406421,10:49:13,JSMR,B,RG,3930,1,0,D,--,Full Matched
1412047,1412048,10:50:07,JSMR,B,RG,3930,11,0,D,--,Full Matched
1431512,1431513,10:52:52,JSMR,B,RG,3930,3,0,D,--,Full Matched
1451985,1451986,10:55:32,JSMR,B,RG,3930,12,0,D,--,Full Matched
2365954,2365955,14:50:21,JSMR,B,RG,3980,11,0,F,--,Full Matched
2369129,2369130,14:50:44,JSMR,B,RG,3980,400,0,F,--,Full Matched
2379198,2379199,14:52:14,JSMR,B,RG,4000,7,0,D,--,Full Matched
2367384,2367385,14:50:30,JSMR,B,RG,4510,43,0,D,--,Full Matched
2369154,2369155,14:50:44,JSMR,S,RG,3620,1,0,D,--,Full Matched
2371083,2371084,14:51:00,JSMR,S,RG,3650,20,0,D,--,Full Matched
2371538,2371539,14:51:01,JSMR,S,RG,3650,1,0,F,--,Full Matched
2365975,2365976,14:50:21,JSMR,S,RG,3760,46,0,F,--,Full Matched
48634,48635,8:45:56,JSMR,S,RG,3820,9,0,F,--,Full Matched
2382545,2382546,14:52:57,JSMR,S,RG,3850,543,0,D,--,Full Matched
2398549,2398550,14:57:17,JSMR,S,RG,3850,2,0,D,--,Full Matched
2392871,2392872,14:55:38,JSMR,S,RG,3860,85,0,D,--,Full Matched
2337850,2337851,14:48:19,JSMR,S,RG,3870,13,0,F,--,Full Matched
2338098,2338099,14:48:20,JSMR,S,RG,3870,10,0,D,--,Full Matched
2341032,2341033,14:48:35,JSMR,S,RG,3870,1,0,D,--,Full Matched
2344495,2344496,14:48:50,JSMR,S,RG,3870,6,0,F,--,Full Matched
2346825,2346826,14:49:00,JSMR,S,RG,3870,1,0,F,--,Full Matched
2347235,2347236,14:49:00,JSMR,S,RG,3870,2,0,F,--,Full Matched
2347236,2347237,14:49:00,JSMR,S,RG,3870,1,0,F,--,Full Matched
2353255,2353256,14:49:25,JSMR,S,RG,3870,5,0,D,--,Full Matched
2354321,2354322,14:49:30,JSMR,S,RG,3870,4,0,F,--,Full Matched
2357488,2357489,14:49:42,JSMR,S,RG,3870,7,0,F,--,Full Matched
2360862,2360863,14:49:54,JSMR,S,RG,3870,2,0,F,--,Full Matched
2362148,2362149,14:49:59,JSMR,S,RG,3870,1,0,F,--,Full Matched
2362354,2362355,14:49:59,JSMR,S,RG,3870,543,0,D,--,Full Matched
2363965,2363966,14:50:06,JSMR,S,RG,3870,543,0,D,--,Amended Match
2381399,2381400,14:52:41,JSMR,S,RG,3870,15,0,D,--,Full Matched
2381671,2381672,14:52:45,JSMR,S,RG,3870,75,0,D,--,Full Matched
2395736,2395737,14:56:27,JSMR,S,RG,3870,1,0,D,--,Withdrawn
2398495,2398496,14:57:16,JSMR,S,RG,3870,59,0,D,--,Full Matched
2402014,2402015,14:58:02,JSMR,S,RG,3870,6,0,D,--,Full Matched
2128863,2128864,14:23:03,JSMR,S,RG,3880,1,0,D,--,Full Matched
2139587,2139588,14:24:23,JSMR,S,RG,3880,107,0,D,--,Full Matched
2140189,2140190,14:24:27,JSMR,S,RG,3880,6,0,D,--,Full Matched
2144424,2144425,14:24:57,JSMR,S,RG,3880,1,0,D,--,Full Matched
2146795,2146796,14:25:15,JSMR,S,RG,3880,6,0,F,--,Full Matched
2146800,2146801,14:25:15,JSMR,S,RG,3880,1,0,D,--,Full Matched
2149487,2149488,14:25:36,JSMR,S,RG,3880,2,0,D,--,Full Matched
2150192,2150193,14:25:42,JSMR,S,RG,3880,175,0,D,--,Full Matched
2151152,2151153,14:25:50,JSMR,S,RG,3880,42,0,F,--,Full Matched
2154808,2154809,14:26:22,JSMR,S,RG,3880,1,0,D,--,Full Matched
2156241,2156242,14:26:35,JSMR,S,RG,3880,29,0,D,--,Full Matched
2163453,2163454,14:27:36,JSMR,S,RG,3880,7,0,F,--,Full Matched
2173455,2173456,14:28:58,JSMR,S,RG,3880,2,0,D,--,Full Matched
2177849,2177850,14:29:34,JSMR,S,RG,3880,10,0,F,--,Full Matched
2183259,2183260,14:30:18,JSMR,S,RG,3880,7,0,F,--,Full Matched
2184175,2184176,14:30:25,JSMR,S,RG,3880,14,0,D,--,Full Matched
2192545,2192546,14:31:35,JSMR,S,RG,3880,44,0,F,--,Full Matched
2198087,2198088,14:32:20,JSMR,S,RG,3880,30,0,D,--,Full Matched
2198655,2198656,14:32:25,JSMR,S,RG,3880,4,0,F,--,Full Matched
2213539,2213540,14:34:24,JSMR,S,RG,3880,4,0,F,--,Full Matched
2214149,2214150,14:34:29,JSMR,S,RG,3880,10,0,D,--,Full Matched
2219497,2219498,14:35:15,JSMR,S,RG,3880,2,0,F,--,Full Matched
2226588,2226589,14:36:16,JSMR,S,RG,3880,4,0,F,--,Full Matched
2235965,2235966,14:37:35,JSMR,S,RG,3880,45,0,F,--,Full Matched
2241179,2241180,14:38:16,JSMR,S,RG,3880,9,0,F,--,Full Matched
2243089,2243090,14:38:31,JSMR,S,RG,3880,4,0,F,--,Full Matched
2249191,2249192,14:39:16,JSMR,S,RG,3880,1,0,D,--,Full Matched
2258144,2258145,14:40:15,JSMR,S,RG,3880,10,0,F,--,Full Matched
2273229,2273230,14:41:45,JSMR,S,RG,3880,15,0,F,--,Full Matched
2277734,2277735,14:42:15,JSMR,S,RG,3880,20,0,F,--,Full Matched
2280587,2280588,14:42:34,JSMR,S,RG,3880,10,0,F,--,Full Matched
2295595,2295596,14:44:05,JSMR,S,RG,3880,13,0,F,--,Full Matched
2298827,2298828,14:44:22,JSMR,S,RG,3880,52,0,D,--,Full Matched
2306445,2306446,14:45:11,JSMR,S,RG,3880,6,0,F,--,Full Matched
2307851,2307852,14:45:20,JSMR,S,RG,3880,11,0,F,--,Full Matched
2314616,2314617,14:46:05,JSMR,S,RG,3880,3,0,F,--,Full Matched
2318482,2318483,14:46:30,JSMR,S,RG,3880,5,0,F,--,Full Matched
2320917,2320918,14:46:45,JSMR,S,RG,3880,2,0,F,--,Full Matched
2321534,2321535,14:46:50,JSMR,S,RG,3880,2,0,F,--,Full Matched
2323335,2323336,14:47:00,JSMR,S,RG,3880,26,0,F,--,Full Matched
2327492,2327493,14:47:26,JSMR,S,RG,3880,5,0,F,--,Full Matched
2330888,2330889,14:47:48,JSMR,S,RG,3880,11,0,F,--,Full Matched
2337727,2337728,14:48:18,JSMR,S,RG,3880,543,0,D,--,Amended Match
2337852,2337853,14:48:19,JSMR,S,RG,3880,10,0,F,--,Amended
2337852,2354321,14:49:30,JSMR,S,RG,3880,3,0,F,--,Amended
2337852,2357488,14:49:42,JSMR,S,RG,3880,2,0,F,--,Amended
2337852,2361277,14:49:56,JSMR,S,RG,3880,1,0,F,--,Withdrawn
2338416,2338417,14:48:22,JSMR,S,RG,3880,184,0,F,--,Withdrawn
2339951,2339952,14:48:30,JSMR,S,RG,3880,1,0,F,--,Amended
2339953,2339954,14:48:30,JSMR,S,RG,3880,2,0,F,--,Amended
2348429,2348430,14:49:05,JSMR,S,RG,3880,543,0,D,--,Amended Match
33188,33189,8:45:03,JSMR,S,RG,3890,9,0,F,--,Amended
35432,35433,8:45:05,JSMR,S,RG,3890,12,0,D,--,Full Matched
37810,37811,8:45:05,JSMR,S,RG,3890,2,0,D,--,Full Matched
39931,39932,8:45:06,JSMR,S,RG,3890,3,0,D,--,Full Matched
242555,242556,9:00:21,JSMR,S,RG,3890,1,0,D,--,Full Matched
1688343,1688344,13:30:01,JSMR,S,RG,3890,543,0,D,--,Full Matched
1705111,1705112,13:30:03,JSMR,S,RG,3890,4,0,D,--,Full Matched
1801594,1801595,13:40:01,JSMR,S,RG,3890,543,0,D,--,Full Matched
1994069,1994070,14:05:21,JSMR,S,RG,3890,543,0,D,--,Full Matched
2089887,2089888,14:18:22,JSMR,S,RG,3890,3,0,F,--,Full Matched
2090037,2090038,14:18:23,JSMR,S,RG,3890,2,0,D,--,Full Matched
2098089,2098090,14:19:20,JSMR,S,RG,3890,333,0,D,--,Full Matched
2099596,2099597,14:19:30,JSMR,S,RG,3890,23,0,F,--,Full Matched
2106380,2106381,14:20:15,JSMR,S,RG,3890,30,0,F,--,Full Matched
2106881,2106882,14:20:18,JSMR,S,RG,3890,2,0,F,--,Full Matched
2117983,2117984,14:21:36,JSMR,S,RG,3890,2,0,D,--,Full Matched
2123387,2123388,14:22:19,JSMR,S,RG,3890,7,0,F,--,Full Matched
2130371,2130372,14:23:13,JSMR,S,RG,3890,543,0,D,--,Amended Match
2130544,2130545,14:23:14,JSMR,S,RG,3890,25,0,F,--,Amended
2130544,2330883,14:47:48,JSMR,S,RG,3890,16,0,F,--,Amended
2130712,2130713,14:23:15,JSMR,S,RG,3890,26,0,F,--,Amended
2130713,2130714,14:23:15,JSMR,S,RG,3890,15,0,F,--,Amended Match
2133487,2133488,14:23:34,JSMR,S,RG,3890,1,0,D,--,Amended
2146801,2146802,14:25:15,JSMR,S,RG,3890,13,0,F,--,Amended
2146801,2183259,14:30:18,JSMR,S,RG,3890,12,0,F,--,Amended
2146801,2306440,14:45:11,JSMR,S,RG,3890,11,0,F,--,Withdrawn
2153849,2153850,14:26:13,JSMR,S,RG,3890,1,0,D,--,Full Matched
2158997,2158998,14:26:58,JSMR,S,RG,3890,1,0,D,--,Withdrawn
2189024,2189025,14:31:06,JSMR,S,RG,3890,1,0,F,--,Full Matched
2243052,2243053,14:38:30,JSMR,S,RG,3890,100,0,D,--,Withdrawn
2248627,2248628,14:39:13,JSMR,S,RG,3890,1,0,D,--,Full Matched
2273481,2273482,14:41:47,JSMR,S,RG,3890,20,0,F,--,Amended
2274309,2274310,14:41:52,JSMR,S,RG,3890,20,0,D,--,Full Matched
2283783,2283784,14:42:55,JSMR,S,RG,3890,5,0,F,--,Amended
2295360,2295361,14:44:04,JSMR,S,RG,3890,543,0,D,--,Amended
2318660,2318661,14:46:31,JSMR,S,RG,3890,2,0,F,--,Amended
2321119,2321120,14:46:47,JSMR,S,RG,3890,1,0,D,--,Full Matched
2325701,2325702,14:47:15,JSMR,S,RG,3890,1,0,D,--,Full Matched
2326461,2326462,14:47:19,JSMR,S,RG,3890,2,0,F,--,Amended
2328827,2328828,14:47:34,JSMR,S,RG,3890,1,0,F,--,Amended
2405289,2405290,15:01:26,JSMR,S,RG,3890,25,0,D,--,Full Matched
2405691,2405692,15:01:35,JSMR,S,RG,3890,175,0,D,--,Full Matched
2411322,2411323,15:03:49,JSMR,S,RG,3890,3,0,D,--,Full Matched
2411885,2411886,15:04:02,JSMR,S,RG,3890,4,0,D,--,Full Matched
2415383,2415384,15:05:39,JSMR,S,RG,3890,20,0,D,--,Full Matched
2423546,2423547,15:11:04,JSMR,S,RG,3890,1,0,D,--,Full Matched
278805,278806,9:00:58,JSMR,S,RG,3900,3,0,D,--,Full Matched
886339,886340,9:39:25,JSMR,S,RG,3900,4,0,D,--,Full Matched
898231,898232,9:40:36,JSMR,S,RG,3900,1,0,D,--,Full Matched
905824,905825,9:41:25,JSMR,S,RG,3900,42,0,D,--,Full Matched
978396,978397,9:49:13,JSMR,S,RG,3900,9,0,F,--,Full Matched
988422,988423,9:50:21,JSMR,S,RG,3900,5,0,F,--,Full Matched
1007490,1007491,9:52:26,JSMR,S,RG,3900,10,0,F,--,Full Matched
1011907,1011908,9:52:57,JSMR,S,RG,3900,2,0,D,--,Full Matched
1023891,1023892,9:54:25,JSMR,S,RG,3900,6,0,F,--,Full Matched
1041271,1041272,9:56:33,JSMR,S,RG,3900,1,0,D,--,Full Matched
1061197,1061198,9:58:56,JSMR,S,RG,3900,6,0,F,--,Full Matched
1063848,1063849,9:59:14,JSMR,S,RG,3900,50,0,D,--,Full Matched
1072851,1072852,10:00:18,JSMR,S,RG,3900,3,0,F,--,Full Matched
1091747,1091748,10:02:31,JSMR,S,RG,3900,7,0,F,--,Full Matched
1106464,1106465,10:04:20,JSMR,S,RG,3900,12,0,F,--,Full Matched
1116673,1116674,10:05:23,JSMR,S,RG,3900,2,0,F,--,Full Matched
1189317,1189318,10:15:20,JSMR,S,RG,3900,100,0,D,--,Full Matched
1189448,1189449,10:15:21,JSMR,S,RG,3900,7,0,F,--,Full Matched
1193418,1193419,10:15:54,JSMR,S,RG,3900,50,0,D,--,Full Matched
1204447,1204448,10:17:30,JSMR,S,RG,3900,7,0,F,--,Full Matched
1218830,1218831,10:19:36,JSMR,S,RG,3900,8,0,F,--,Full Matched
1225127,1225128,10:20:25,JSMR,S,RG,3900,1,0,F,--,Full Matched
1234091,1234092,10:21:37,JSMR,S,RG,3900,5,0,D,--,Full Matched
1246042,1246043,10:23:17,JSMR,S,RG,3900,5,0,F,--,Full Matched
1253372,1253373,10:24:23,JSMR,S,RG,3900,3,0,D,--,Full Matched
1259768,1259769,10:25:18,JSMR,S,RG,3900,5,0,F,--,Full Matched
1267679,1267680,10:26:27,JSMR,S,RG,3900,4,0,F,--,Full Matched
1482990,1482991,10:59:26,JSMR,S,RG,3900,10340,0,D,--,Full Matched
1483097,1483098,10:59:27,JSMR,S,RG,3900,6,0,F,--,Full Matched
1483306,1483307,10:59:29,JSMR,S,RG,3900,24,0,F,--,Full Matched
1489635,1489636,11:00:18,JSMR,S,RG,3900,4,0,F,--,Full Matched
1514175,1514176,11:03:45,JSMR,S,RG,3900,37,0,F,--,Full Matched
1520158,1520159,11:04:39,JSMR,S,RG,3900,5,0,D,--,Full Matched
1524862,1524863,11:05:18,JSMR,S,RG,3900,6,0,F,--,Full Matched
1550899,1550900,11:09:30,JSMR,S,RG,3900,16,0,F,--,Full Matched
1558134,1558135,11:10:42,JSMR,S,RG,3900,1,0,D,--,Full Matched
1575270,1575271,11:13:30,JSMR,S,RG,3900,9,0,D,--,Full Matched
1605847,1605848,11:18:32,JSMR,S,RG,3900,32,0,F,--,Full Matched
1609038,1609039,11:19:06,JSMR,S,RG,3900,1,0,D,--,Full Matched
1611280,1611281,11:19:30,JSMR,S,RG,3900,19,0,F,--,Full Matched
1624845,1624846,11:21:45,JSMR,S,RG,3900,16,0,F,--,Full Matched
1629963,1629964,11:22:34,JSMR,S,RG,3900,5,0,F,--,Full Matched
1636858,1636859,11:23:45,JSMR,S,RG,3900,12,0,F,--,Full Matched
1641392,1641393,11:24:30,JSMR,S,RG,3900,37,0,F,--,Full Matched
1646442,1646443,11:25:16,JSMR,S,RG,3900,4,0,F,--,Full Matched
1715729,1715730,13:30:05,JSMR,S,RG,3900,26,0,F,--,Full Matched
1766960,1766961,13:35:36,JSMR,S,RG,3900,1,0,F,--,Full Matched
1769087,1769088,13:35:52,JSMR,S,RG,3900,10,0,D,--,Full Matched
1804536,1804537,13:40:20,JSMR,S,RG,3900,66,0,F,--,Full Matched
1808944,1808945,13:40:51,JSMR,S,RG,3900,32,0,D,--,Full Matched
1824582,1824583,13:42:58,JSMR,S,RG,3900,500,0,D,--,Full Matched
1946701,1946702,13:58:35,JSMR,S,RG,3900,55,0,F,--,Full Matched
1961884,1961885,14:00:44,JSMR,S,RG,3900,100,0,D,--,Full Matched
1993080,1993081,14:05:13,JSMR,S,RG,3900,8,0,F,--,Full Matched
1994245,1994246,14:05:22,JSMR,S,RG,3900,9,0,F,--,Full Matched
1994248,1994249,14:05:22,JSMR,S,RG,3900,16,0,F,--,Full Matched
2003959,2003960,14:06:46,JSMR,S,RG,3900,100,0,D,--,Full Matched
2018977,2018978,14:08:54,JSMR,S,RG,3900,3,0,F,--,Full Matched
2021544,2021545,14:09:15,JSMR,S,RG,3900,20,0,F,--,Full Matched
2028410,2028411,14:10:13,JSMR,S,RG,3900,1,0,F,--,Full Matched
2038046,2038047,14:11:30,JSMR,S,RG,3900,32,0,F,--,Full Matched
2042476,2042477,14:12:11,JSMR,S,RG,3900,4,0,F,--,Full Matched
2057663,2057664,14:14:14,JSMR,S,RG,3900,3,0,F,--,Full Matched
2064283,2064284,14:15:12,JSMR,S,RG,3900,3,0,F,--,Full Matched
2068948,2068949,14:15:51,JSMR,S,RG,3900,171,0,D,--,Full Matched
2070727,2070728,14:16:05,JSMR,S,RG,3900,36,0,F,--,Full Matched
2073236,2073237,14:16:22,JSMR,S,RG,3900,239,0,D,--,Full Matched
2099567,2099568,14:19:30,JSMR,S,RG,3900,15,0,F,--,Amended Match
2099713,2099714,14:19:31,JSMR,S,RG,3900,12,0,F,--,Withdrawn
2100310,2100311,14:19:35,JSMR,S,RG,3900,183,0,F,--,Withdrawn
2100367,2100368,14:19:35,JSMR,S,RG,3900,14,0,F,--,Withdrawn
2101912,2101913,14:19:45,JSMR,S,RG,3900,30,0,F,--,Amended
2106596,2106597,14:20:17,JSMR,S,RG,3900,26,0,F,--,Amended
2106887,2106888,14:20:18,JSMR,S,RG,3900,8,0,F,--,Withdrawn
2146803,2146804,14:25:15,JSMR,S,RG,3900,1,0,F,--,Withdrawn
2149226,2149227,14:25:34,JSMR,S,RG,3900,1,1,D,--,Open
2183261,2183262,14:30:18,JSMR,S,RG,3900,1,0,F,--,Withdrawn
2203969,2203970,14:33:05,JSMR,S,RG,3900,500,500,D,--,Open
2364605,2364606,14:50:11,JSMR,S,RG,3900,1000,0,D,--,Withdrawn
2378933,2378934,14:52:11,JSMR,S,RG,3900,1,1,D,--,Open
27049,27050,8:45:02,JSMR,S,RG,3910,1,0,D,--,Full Matched
46266,46267,8:45:14,JSMR,S,RG,3910,80,0,D,--,Full Matched
289848,289849,9:01:20,JSMR,S,RG,3910,50,0,D,--,Full Matched
450501,450502,9:08:41,JSMR,S,RG,3910,4,0,D,--,Full Matched
455766,455767,9:08:57,JSMR,S,RG,3910,3,0,D,--,Full Matched
458184,458185,9:09:04,JSMR,S,RG,3910,1,0,D,--,Full Matched
500028,500029,9:11:14,JSMR,S,RG,3910,3,0,D,--,Full Matched
530085,530086,9:12:57,JSMR,S,RG,3910,4,0,D,--,Full Matched
546860,546861,9:13:56,JSMR,S,RG,3910,37,0,D,--,Full Matched
550029,550030,9:14:08,JSMR,S,RG,3910,4,0,D,--,Full Matched
813011,813012,9:32:37,JSMR,S,RG,3910,3,0,D,--,Full Matched
831543,831544,9:34:14,JSMR,S,RG,3910,14,0,D,--,Full Matched
833997,833998,9:34:28,JSMR,S,RG,3910,23,0,F,--,Full Matched
844274,844275,9:35:22,JSMR,S,RG,3910,15,0,F,--,Full Matched
867834,867835,9:37:35,JSMR,S,RG,3910,5,0,D,--,Full Matched
875919,875920,9:38:22,JSMR,S,RG,3910,75,0,D,--,Full Matched
875960,875961,9:38:22,JSMR,S,RG,3910,35,0,F,--,Full Matched
877639,877640,9:38:31,JSMR,S,RG,3910,100,0,D,--,Full Matched
882908,882909,9:39:03,JSMR,S,RG,3910,50,0,D,--,Amended
896246,896247,9:40:23,JSMR,S,RG,3910,9,0,F,--,Full Matched
919297,919298,9:42:47,JSMR,S,RG,3910,2,0,D,--,Full Matched
928674,928675,9:43:46,JSMR,S,RG,3910,2,0,D,--,Full Matched
941170,941171,9:45:01,JSMR,S,RG,3910,12,0,D,--,Full Matched
1004420,1004421,9:52:05,JSMR,S,RG,3910,2,0,D,--,Withdrawn
1042589,1042590,9:56:43,JSMR,S,RG,3910,31,0,D,--,Withdrawn
1057667,1057668,9:58:33,JSMR,S,RG,3910,10,0,D,--,Full Matched
1088944,1088945,10:02:11,JSMR,S,RG,3910,50,0,D,--,Amended
1138703,1138704,10:08:07,JSMR,S,RG,3910,2,0,D,--,Full Matched
1155395,1155396,10:10:25,JSMR,S,RG,3910,56,0,F,--,Full Matched
1168273,1168274,10:12:14,JSMR,S,RG,3910,1,0,D,--,Full Matched
1181085,1181086,10:14:07,JSMR,S,RG,3910,100,0,D,--,Amended
1348844,1348845,10:39:47,JSMR,S,RG,3910,15,0,D,--,Full Matched
1477139,1477140,10:58:37,JSMR,S,RG,3910,68,0,D,--,Full Matched
1494585,1494586,11:00:54,JSMR,S,RG,3910,3,0,D,--,Full Matched
1494675,1494676,11:00:55,JSMR,S,RG,3910,68,0,F,--,Full Matched
1495859,1495860,11:01:04,JSMR,S,RG,3910,5,0,D,--,Full Matched
1512558,1512559,11:03:30,JSMR,S,RG,3910,37,0,F,--,Amended
1524590,1524591,11:05:15,JSMR,S,RG,3910,12,0,F,--,Full Matched
1524866,1524867,11:05:18,JSMR,S,RG,3910,9,0,F,--,Full Matched
1533772,1533773,11:06:45,JSMR,S,RG,3910,11,0,F,--,Full Matched
1556735,1556736,11:10:28,JSMR,S,RG,3910,1,0,D,--,Full Matched
1558662,1558663,11:10:48,JSMR,S,RG,3910,1,0,F,--,Withdrawn
1593751,1593752,11:16:29,JSMR,S,RG,3910,50,0,F,--,Full Matched
1593755,1593756,11:16:29,JSMR,S,RG,3910,5,0,F,--,Full Matched
1593933,1593934,11:16:30,JSMR,S,RG,3910,11,0,F,--,Full Matched
1593949,1593950,11:16:30,JSMR,S,RG,3910,30,0,F,--,Amended Match
1593949,1646442,11:25:16,JSMR,S,RG,3910,27,0,F,--,Full Matched
1593966,1593967,11:16:31,JSMR,S,RG,3910,28,0,F,--,Full Matched
1598071,1598072,11:17:11,JSMR,S,RG,3910,37,0,F,--,Amended
1616484,1616485,11:20:20,JSMR,S,RG,3910,4,0,F,--,Withdrawn
1653108,1653109,11:26:15,JSMR,S,RG,3910,5,0,F,--,Full Matched
1659378,1659379,11:27:19,JSMR,S,RG,3910,8,0,F,--,Full Matched
1664340,1664341,11:28:01,JSMR,S,RG,3910,9,0,D,--,Full Matched
1673208,1673209,11:29:06,JSMR,S,RG,3910,2,0,F,--,Full Matched
1673212,1673213,11:29:06,JSMR,S,RG,3910,3,0,F,--,Full Matched
1676407,1676408,11:29:30,JSMR,S,RG,3910,2,0,F,--,Full Matched
1676414,1676415,11:29:30,JSMR,S,RG,3910,2,0,F,--,Full Matched
1678305,1678306,11:29:45,JSMR,S,RG,3910,4,0,F,--,Full Matched
1715775,1715776,13:30:05,JSMR,S,RG,3910,10,0,D,--,Full Matched
1715828,1715829,13:30:05,JSMR,S,RG,3910,1,0,D,--,Full Matched
1719146,1719147,13:30:06,JSMR,S,RG,3910,1,0,D,--,Full Matched
1721159,1721160,13:30:06,JSMR,S,RG,3910,5,0,F,--,Full Matched
1721759,1721760,13:30:07,JSMR,S,RG,3910,14,0,F,--,Full Matched
1722828,1722829,13:30:08,JSMR,S,RG,3910,1,0,F,--,Full Matched
1733429,1733430,13:31:00,JSMR,S,RG,3910,5,0,D,--,Full Matched
1739565,1739566,13:31:51,JSMR,S,RG,3910,10,0,D,--,Full Matched
1749550,1749551,13:33:17,JSMR,S,RG,3910,10,0,D,--,Full Matched
1751184,1751185,13:33:30,JSMR,S,RG,3910,10,0,F,--,Full Matched
1751185,1751186,13:33:30,JSMR,S,RG,3910,12,0,F,--,Full Matched
1793564,1793565,13:39:00,JSMR,S,RG,3910,30,0,D,--,Full Matched
1818704,1818705,13:42:08,JSMR,S,RG,3910,13,0,F,--,Full Matched
1850359,1850360,13:46:13,JSMR,S,RG,3910,1,0,D,--,Full Matched
1862637,1862638,13:47:58,JSMR,S,RG,3910,44,0,F,--,Full Matched
1895998,1895999,13:52:20,JSMR,S,RG,3910,15,0,D,--,Full Matched
1896128,1896129,13:52:21,JSMR,S,RG,3910,11,0,F,--,Full Matched
1897081,1897082,13:52:30,JSMR,S,RG,3910,10,0,F,--,Full Matched
1897082,1897083,13:52:30,JSMR,S,RG,3910,11,0,F,--,Full Matched
1911608,1911609,13:54:22,JSMR,S,RG,3910,6,0,F,--,Full Matched
1934840,1934841,13:56:57,JSMR,S,RG,3910,107,0,D,--,Amended Match
1939310,1939311,13:57:33,JSMR,S,RG,3910,100,100,D,--,Open
1950357,1950358,13:59:05,JSMR,S,RG,3910,19,0,F,--,Amended
1955655,1955656,13:59:49,JSMR,S,RG,3910,175,175,D,--,Open
1958290,1958291,14:00:11,JSMR,S,RG,3910,7,0,F,--,Withdrawn
1972669,1972670,14:02:19,JSMR,S,RG,3910,30,0,F,--,Amended
1993714,1993715,14:05:18,JSMR,S,RG,3910,20,0,F,--,Amended
2009257,2009258,14:07:31,JSMR,S,RG,3910,100,0,D,--,Amended
2009930,2009931,14:07:37,JSMR,S,RG,3910,5,5,D,--,Open
2018978,2018979,14:08:54,JSMR,S,RG,3910,14,0,F,--,Amended
2018978,2064280,14:15:12,JSMR,S,RG,3910,13,0,F,--,Withdrawn
2021739,2021740,14:09:17,JSMR,S,RG,3910,32,0,F,--,Amended
2038147,2038148,14:11:31,JSMR,S,RG,3910,15,0,F,--,Amended
280895,280896,9:01:00,JSMR,S,RG,3920,1,0,D,--,Full Matched
281447,281448,9:01:01,JSMR,S,RG,3920,8,0,F,--,Full Matched
347949,347950,9:03:53,JSMR,S,RG,3920,1,0,D,--,Full Matched
367441,367442,9:04:47,JSMR,S,RG,3920,16,0,F,--,Full Matched
381337,381338,9:05:23,JSMR,S,RG,3920,3,0,F,--,Full Matched
404300,404301,9:06:26,JSMR,S,RG,3920,1,0,D,--,Full Matched
423366,423367,9:07:20,JSMR,S,RG,3920,1,0,D,--,Full Matched
439136,439137,9:08:06,JSMR,S,RG,3920,8,0,D,--,Withdrawn Match
439419,439420,9:08:07,JSMR,S,RG,3920,9,0,F,--,Amended
439419,481774,9:10:16,JSMR,S,RG,3920,1,0,F,--,Full Matched
439609,439610,9:08:07,JSMR,S,RG,3920,1,0,D,--,Withdrawn
500830,500831,9:11:17,JSMR,S,RG,3920,4,0,D,--,Withdrawn
501136,501137,9:11:18,JSMR,S,RG,3920,20,0,F,--,Full Matched
514083,514084,9:12:01,JSMR,S,RG,3920,4,0,D,--,Withdrawn
541734,541735,9:13:38,JSMR,S,RG,3920,10,0,F,--,Full Matched
559139,559140,9:14:42,JSMR,S,RG,3920,1,0,D,--,Full Matched
568139,568140,9:15:16,JSMR,S,RG,3920,5,0,D,--,Full Matched
570821,570822,9:15:25,JSMR,S,RG,3920,6,0,F,--,Full Matched
573315,573316,9:15:34,JSMR,S,RG,3920,14,0,D,--,Withdrawn
590410,590411,9:16:37,JSMR,S,RG,3920,5,0,D,--,Full Matched
747324,747325,9:27:28,JSMR,S,RG,3920,24,0,D,--,Full Matched
747493,747494,9:27:29,JSMR,S,RG,3920,35,0,F,--,Amended
753402,753403,9:27:56,JSMR,S,RG,3920,28,0,D,--,Full Matched
759281,759282,9:28:21,JSMR,S,RG,3920,50,0,D,--,Full Matched
770446,770447,9:29:13,JSMR,S,RG,3920,113,0,F,--,Full Matched
785325,785326,9:30:23,JSMR,S,RG,3920,20,0,F,--,Amended
785325,844272,9:35:22,JSMR,S,RG,3920,4,0,F,--,Withdrawn
810981,810982,9:32:27,JSMR,S,RG,3920,1,0,D,--,Full Matched
819866,819867,9:33:12,JSMR,S,RG,3920,55,0,F,--,Full Matched
865966,865967,9:37:23,JSMR,S,RG,3920,6,0,D,--,Full Matched
875917,875918,9:38:22,JSMR,S,RG,3920,50,0,D,--,Full Matched
895318,895319,9:40:18,JSMR,S,RG,3920,20,0,D,--,Withdrawn
896250,896251,9:40:23,JSMR,S,RG,3920,2,0,F,--,Full Matched
938870,938871,9:44:48,JSMR,S,RG,3920,10,0,D,--,Full Matched
953007,953008,9:46:16,JSMR,S,RG,3920,1,0,D,--,Full Matched
1154806,1154807,10:10:20,JSMR,S,RG,3920,100,0,D,--,Withdrawn
1160036,1160037,10:11:03,JSMR,S,RG,3920,20,0,D,--,Amended
1267680,1267681,10:26:27,JSMR,S,RG,3920,71,0,F,--,Amended
1267680,1273583,10:27:27,JSMR,S,RG,3920,28,0,F,--,Full Matched
1275028,1275029,10:27:40,JSMR,S,RG,3920,1,0,D,--,Withdrawn
1291184,1291185,10:30:26,JSMR,S,RG,3920,7,0,F,--,Full Matched
1329331,1329332,10:36:35,JSMR,S,RG,3920,1,0,D,--,Full Matched
1349328,1349329,10:39:52,JSMR,S,RG,3920,3,0,F,--,Full Matched
1349334,1349335,10:39:52,JSMR,S,RG,3920,9,0,F,--,Withdrawn Match
1483271,1483272,10:59:28,JSMR,S,RG,3920,182,0,F,--,Withdrawn Match
1483313,1483314,10:59:29,JSMR,S,RG,3920,78,0,F,--,Amended
1489639,1489640,11:00:18,JSMR,S,RG,3920,4,0,F,--,Withdrawn
1524717,1524718,11:05:16,JSMR,S,RG,3920,100,51,D,--,Partial Matched
1524867,1524868,11:05:18,JSMR,S,RG,3920,2,0,F,--,Amended
1548270,1548271,11:09:03,JSMR,S,RG,3920,350,0,D,--,Withdrawn
1558632,1558633,11:10:48,JSMR,S,RG,3920,42,0,F,--,Withdrawn
1558681,1558682,11:10:48,JSMR,S,RG,3920,28,0,F,--,Amended
1558744,1558745,11:10:49,JSMR,S,RG,3920,46,0,F,--,Amended
1559508,1559509,11:10:58,JSMR,S,RG,3920,2,2,D,--,Open
1565436,1565437,11:12:00,JSMR,S,RG,3920,11,0,F,--,Amended
1586169,1586170,11:15:19,JSMR,S,RG,3920,14,0,F,--,Withdrawn
1604258,1604259,11:18:16,JSMR,S,RG,3920,100,0,D,--,Amended
1662248,1662249,11:27:45,JSMR,S,RG,3920,4,0,F,--,Amended
1670435,1670436,11:28:45,JSMR,S,RG,3920,2,0,F,--,Amended
1718115,1718116,13:30:05,JSMR,S,RG,3920,182,0,F,--,Withdrawn
1729434,1729435,13:30:20,JSMR,S,RG,3920,12,0,F,--,Amended
1739326,1739327,13:31:50,JSMR,S,RG,3920,10,0,F,--,Amended
1826735,1826736,13:43:16,JSMR,S,RG,3920,10,10,D,--,Open
1836953,1836954,13:44:32,JSMR,S,RG,3920,35,0,D,--,Withdrawn
1868852,1868853,13:48:43,JSMR,S,RG,3920,1,1,D,--,Open
1875782,1875783,13:49:35,JSMR,S,RG,3920,11,0,F,--,Amended
1879243,1879244,13:50:01,JSMR,S,RG,3920,15,0,F,--,Amended
1887425,1887426,13:51:05,JSMR,S,RG,3920,10,0,F,--,Amended
1893574,1893575,13:52:00,JSMR,S,RG,3920,9,0,F,--,Withdrawn
1893856,1893857,13:52:02,JSMR,S,RG,3920,35,35,D,--,Open
1911609,1911610,13:54:22,JSMR,S,RG,3920,2,0,F,--,Withdrawn
2045294,2045295,14:12:37,JSMR,S,RG,3920,1,1,D,--,Open
2366976,2366977,14:50:28,JSMR,S,RG,3920,500,500,D,--,Open
2380446,2380447,14:52:28,JSMR,S,RG,3920,1,1,D,--,Open
52858,52859,8:52:52,JSMR,S,RG,3930,5,0,D,--,Full Matched
109069,109070,9:00:03,JSMR,S,RG,3930,45,0,F,--,Full Matched
151284,151285,9:00:05,JSMR,S,RG,3930,1,0,F,--,Withdrawn
180912,180913,9:00:08,JSMR,S,RG,3930,3,0,F,--,Withdrawn
322104,322105,9:02:44,JSMR,S,RG,3930,7,0,F,--,Withdrawn
401728,401729,9:06:19,JSMR,S,RG,3930,4,0,F,--,Withdrawn
481774,481775,9:10:16,JSMR,S,RG,3930,17,0,F,--,Withdrawn
618342,618343,9:18:28,JSMR,S,RG,3930,2,0,D,--,Withdrawn
735535,735536,9:26:35,JSMR,S,RG,3930,34,0,F,--,Withdrawn
861629,861630,9:36:57,JSMR,S,RG,3930,10,0,D,--,Full Matched
1297313,1297314,10:31:25,JSMR,S,RG,3930,3,0,D,--,Full Matched
1317076,1317077,10:34:37,JSMR,S,RG,3930,20,0,D,--,Full Matched
1351703,1351704,10:40:16,JSMR,S,RG,3930,11,0,F,--,Full Matched
1372780,1372781,10:43:27,JSMR,S,RG,3930,12,0,D,--,Full Matched
1384389,1384390,10:45:25,JSMR,S,RG,3930,21,0,F,--,Withdrawn Match
1404973,1404974,10:48:57,JSMR,S,RG,3930,1,1,D,--,Open
1414381,1414382,10:50:26,JSMR,S,RG,3930,23,0,F,--,Withdrawn
1425121,1425122,10:52:01,JSMR,S,RG,3930,17,17,D,--,Open
1458681,1458682,10:56:26,JSMR,S,RG,3930,10,10,D,--,Open
1472476,1472477,10:58:03,JSMR,S,RG,3930,7,7,D,--,Open
1527842,1527843,11:05:44,JSMR,S,RG,3930,5,5,D,--,Open
1543403,1543404,11:08:16,JSMR,S,RG,3930,3,3,D,--,Open
1549009,1549010,11:09:11,JSMR,S,RG,3930,5,5,D,--,Open
1636242,1636243,11:23:38,JSMR,S,RG,3930,50,0,D,--,Withdrawn
1692435,1692436,13:30:01,JSMR,S,RG,3930,2,0,D,--,Withdrawn
1728248,1728249,13:30:15,JSMR,S,RG,3930,1,1,D,--,Open
1797341,1797342,13:39:28,JSMR,S,RG,3930,1,0,D,--,Withdrawn
1998268,1998269,14:05:59,JSMR,S,RG,3930,1,1,D,--,Open
2149044,2149045,14:25:33,JSMR,S,RG,3930,6,6,D,--,Open
2289460,2289461,14:43:29,JSMR,S,RG,3930,15,15,D,--,Open
2310160,2310161,14:45:35,JSMR,S,RG,3930,200,200,D,--,Open
38605,38606,8:45:06,JSMR,S,RG,3940,10,10,D,--,Open
52569,52570,8:52:15,JSMR,S,RG,3940,5,0,D,--,Withdrawn
109075,109076,9:00:03,JSMR,S,RG,3940,44,44,F,--,Open
268061,268062,9:00:45,JSMR,S,RG,3940,8,8,D,--,Open
517117,517118,9:12:11,JSMR,S,RG,3940,20,20,D,--,Open
526321,526322,9:12:43,JSMR,S,RG,3940,10,0,D,--,Amended
564456,564457,9:15:02,JSMR,S,RG,3940,1,0,D,--,Withdrawn
595363,595364,9:16:58,JSMR,S,RG,3940,5,0,D,--,Withdrawn
739319,739320,9:26:52,JSMR,S,RG,3940,1,1,D,--,Open
854403,854404,9:36:17,JSMR,S,RG,3940,50,50,D,--,Open
923570,923571,9:43:12,JSMR,S,RG,3940,1,0,D,--,Withdrawn
924572,924573,9:43:19,JSMR,S,RG,3940,2,0,D,--,Amended
968308,968309,9:48:01,JSMR,S,RG,3940,10,10,D,--,Open
1351704,1351705,10:40:16,JSMR,S,RG,3940,1,0,F,--,Withdrawn
1361830,1361831,10:41:49,JSMR,S,RG,3940,100,100,D,--,Open
1370615,1370616,10:43:05,JSMR,S,RG,3940,1,1,D,--,Open
1375875,1375876,10:43:59,JSMR,S,RG,3940,5,5,D,--,Open
1384256,1384257,10:45:23,JSMR,S,RG,3940,30,30,D,--,Open
1422896,1422897,10:51:44,JSMR,S,RG,3940,2,0,D,--,Withdrawn
1453852,1453853,10:55:46,JSMR,S,RG,3940,8,8,D,--,Open
1711458,1711459,13:30:04,JSMR,S,RG,3940,35,0,D,--,Amended
1934527,1934528,13:56:55,JSMR,S,RG,3940,50,50,D,--,Open
2167329,2167330,14:28:09,JSMR,S,RG,3940,8,8,D,--,Open
2188754,2188755,14:31:04,JSMR,S,RG,3940,2,2,D,--,Open
2212584,2212585,14:34:15,JSMR,S,RG,3940,200,0,D,--,Amended
2402953,2402954,14:58:25,JSMR,S,RG,3940,10,10,D,--,Open
2915,2916,8:45:00,JSMR,S,RG,3950,1,1,D,--,Open
4154,4155,8:45:00,JSMR,S,RG,3950,1,1,D,--,Open
18289,18290,8:45:01,JSMR,S,RG,3950,2,0,D,--,Withdrawn
19175,19176,8:45:01,JSMR,S,RG,3950,2,2,D,--,Open
23358,23359,8:45:01,JSMR,S,RG,3950,1,1,D,--,Open
23471,23472,8:45:01,JSMR,S,RG,3950,1,0,D,--,Withdrawn
25893,25894,8:45:01,JSMR,S,RG,3950,1,1,D,--,Open
38279,38280,8:45:06,JSMR,S,RG,3950,10,10,D,--,Open
48408,48409,8:45:40,JSMR,S,RG,3950,280,280,D,--,Open
180918,180919,9:00:08,JSMR,S,RG,3950,1,0,F,--,Withdrawn
479173,479174,9:10:08,JSMR,S,RG,3950,20,20,D,--,Open
547108,547109,9:13:57,JSMR,S,RG,3950,10,10,D,--,Open
567427,567428,9:15:13,JSMR,S,RG,3950,6,6,D,--,Open
599796,599797,9:17:15,JSMR,S,RG,3950,50,0,D,--,Amended
1277970,1277971,10:28:09,JSMR,S,RG,3950,1,0,D,--,Withdrawn
1339419,1339420,10:38:10,JSMR,S,RG,3950,350,0,D,--,Withdrawn
1351706,1351707,10:40:16,JSMR,S,RG,3950,1,0,F,--,Withdrawn
1358514,1358515,10:41:20,JSMR,S,RG,3950,10,0,D,--,Withdrawn
1362111,1362112,10:41:52,JSMR,S,RG,3950,8,0,D,--,Amended
1390547,1390548,10:46:25,JSMR,S,RG,3950,592,592,F,--,Open
1419059,1419060,10:51:08,JSMR,S,RG,3950,5,5,D,--,Open
1450156,1450157,10:55:19,JSMR,S,RG,3950,10,10,D,--,Open
1609355,1609356,11:19:10,JSMR,S,RG,3950,2,2,D,--,Open
2145820,2145821,14:25:07,JSMR,S,RG,3950,250,250,D,--,Open
3007,3008,8:45:00,JSMR,S,RG,3960,1,1,D,--,Open
12073,12074,8:45:00,JSMR,S,RG,3960,4,4,D,--,Open
42552,42553,8:45:09,JSMR,S,RG,3960,1,1,D,--,Open
44735,44736,8:45:12,JSMR,S,RG,3960,5,5,D,--,Open
48613,48614,8:45:55,JSMR,S,RG,3960,300,300,D,--,Open
294527,294528,9:01:32,JSMR,S,RG,3960,20,20,D,--,Open
489747,489748,9:10:41,JSMR,S,RG,3960,50,0,D,--,Amended
579136,579137,9:15:55,JSMR,S,RG,3960,3,3,D,--,Open
618780,618781,9:18:29,JSMR,S,RG,3960,1,0,D,--,Amended
730913,730914,9:26:15,JSMR,S,RG,3960,1,1,D,--,Open
1361901,1361902,10:41:50,JSMR,S,RG,3960,10,0,D,--,Withdrawn
1888524,1888525,13:51:15,JSMR,S,RG,3960,85,0,D,--,Amended
6616,6617,8:45:00,JSMR,S,RG,3970,1,1,D,--,Open
18842,18843,8:45:01,JSMR,S,RG,3970,10,10,D,--,Open
30652,30653,8:45:03,JSMR,S,RG,3970,1,1,D,--,Open
53532,53533,8:54:15,JSMR,S,RG,3970,1,1,D,--,Open
292664,292665,9:01:28,JSMR,S,RG,3970,200,200,D,--,Open
361704,361705,9:04:31,JSMR,S,RG,3970,5,5,D,--,Open
369524,369525,9:04:53,JSMR,S,RG,3970,20,20,D,--,Open
1359499,1359500,10:41:29,JSMR,S,RG,3970,100,100,D,--,Open
1391767,1391768,10:46:38,JSMR,S,RG,3970,1,0,D,--,Withdrawn
1532017,1532018,11:06:28,JSMR,S,RG,3970,200,0,D,--,Amended
1712528,1712529,13:30:04,JSMR,S,RG,3970,5,5,D,--,Open
3024,3025,8:45:00,JSMR,S,RG,3980,1,1,D,--,Open
11861,11862,8:45:00,JSMR,S,RG,3980,4,4,D,--,Open
19649,19650,8:45:01,JSMR,S,RG,3980,1,1,D,--,Open
28515,28516,8:45:02,JSMR,S,RG,3980,55,55,D,--,Open
29190,29191,8:45:02,JSMR,S,RG,3980,100,0,D,--,Withdrawn
39043,39044,8:45:06,JSMR,S,RG,3980,2,2,D,--,Open
41277,41278,8:45:08,JSMR,S,RG,3980,1,1,D,--,Open
42553,42554,8:45:09,JSMR,S,RG,3980,1,1,D,--,Open
43133,43134,8:45:10,JSMR,S,RG,3980,1,1,D,--,Open
410218,410219,9:06:43,JSMR,S,RG,3980,350,350,D,--,Open
752492,752493,9:27:52,JSMR,S,RG,3980,100,100,D,--,Open
2240168,2240169,14:38:09,JSMR,S,RG,3980,2,2,D,--,Open
3085,3086,8:45:00,JSMR,S,RG,3990,1,1,D,--,Open
25474,25475,8:45:01,JSMR,S,RG,3990,1,1,D,--,Open
38143,38144,8:45:06,JSMR,S,RG,3990,2,2,D,--,Open
252548,252549,9:00:29,JSMR,S,RG,3990,2,2,D,--,Open
284659,284660,9:01:08,JSMR,S,RG,3990,1,0,D,--,Withdrawn
352799,352800,9:04:06,JSMR,S,RG,3990,1,1,D,--,Open
363165,363166,9:04:35,JSMR,S,RG,3990,5,0,D,--,Amended
400649,400650,9:06:16,JSMR,S,RG,3990,1,0,D,--,Amended
433906,433907,9:07:50,JSMR,S,RG,3990,100,100,D,--,Open
519959,519960,9:12:22,JSMR,S,RG,3990,3,3,D,--,Open
526069,526070,9:12:42,JSMR,S,RG,3990,5,5,D,--,Open
770096,770097,9:29:11,JSMR,S,RG,3990,88,88,D,--,Open
1000179,1000180,9:51:38,JSMR,S,RG,3990,20,20,D,--,Open
1371298,1371299,10:43:12,JSMR,S,RG,3990,68,68,D,--,Open
1688405,1688406,13:30:01,JSMR,S,RG,3990,40,40,D,--,Open
1806250,1806251,13:40:31,JSMR,S,RG,3990,1,1,D,--,Open
6537,6538,8:45:00,JSMR,S,RG,4000,250,250,D,--,Open
7087,7088,8:45:00,JSMR,S,RG,4000,200,0,D,--,Amended
13536,13537,8:45:00,JSMR,S,RG,4000,5,5,D,--,Open
13911,13912,8:45:00,JSMR,S,RG,4000,70,0,D,--,Withdrawn
17123,17124,8:45:01,JSMR,S,RG,4000,100,0,D,--,Amended
23593,23594,8:45:01,JSMR,S,RG,4000,10,10,D,--,Open
27057,27058,8:45:02,JSMR,S,RG,4000,20,20,D,--,Open
30655,30656,8:45:03,JSMR,S,RG,4000,1,1,D,--,Open
31333,31334,8:45:03,JSMR,S,RG,4000,20,0,D,--,Amended
34512,34513,8:45:04,JSMR,S,RG,4000,10,10,D,--,Open
37798,37799,8:45:05,JSMR,S,RG,4000,2,2,D,--,Open
42576,42577,8:45:09,JSMR,S,RG,4000,1,1,D,--,Open
44125,44126,8:45:11,JSMR,S,RG,4000,100,100,D,--,Open
49267,49268,8:46:06,JSMR,S,RG,4000,500,500,D,--,Open
313053,313054,9:02:21,JSMR,S,RG,4000,35,35,D,--,Open
353784,353785,9:04:09,JSMR,S,RG,4000,2,2,D,--,Open
365356,365357,9:04:41,JSMR,S,RG,4000,2,2,D,--,Open
543423,543424,9:13:44,JSMR,S,RG,4000,10,0,D,--,Withdrawn
553340,553341,9:14:20,JSMR,S,RG,4000,20,20,D,--,Open
699609,699610,9:23:58,JSMR,S,RG,4000,5,0,D,--,Withdrawn
728001,728002,9:26:02,JSMR,S,RG,4000,1,1,D,--,Open
847682,847683,9:35:42,JSMR,S,RG,4000,35,35,D,--,Open
888774,888775,9:39:40,JSMR,S,RG,4000,34,34,D,--,Open
891730,891731,9:39:56,JSMR,S,RG,4000,4,4,D,--,Open
1002649,1002650,9:51:53,JSMR,S,RG,4000,20,20,D,--,Open
1704749,1704750,13:30:03,JSMR,S,RG,4000,1,1,D,--,Open
2146369,2146370,14:25:11,JSMR,S,RG,4000,250,250,D,--,Open
2266290,2266291,14:41:04,JSMR,S,RG,4000,70,70,D,--,Open
3043,3044,8:45:00,JSMR,S,RG,4010,1,1,D,--,Open
37349,37350,8:45:05,JSMR,S,RG,4010,2,2,D,--,Open
53537,53538,8:54:16,JSMR,S,RG,4010,1,1,D,--,Open
206490,206491,9:00:10,JSMR,S,RG,4010,2,2,D,--,Open
246550,246551,9:00:24,JSMR,S,RG,4010,2,2,D,--,Open
583972,583973,9:16:13,JSMR,S,RG,4010,1,1,D,--,Open
3152,3153,8:45:00,JSMR,S,RG,4020,1,1,D,--,Open
3927,3928,8:45:00,JSMR,S,RG,4020,994,994,D,--,Open
8673,8674,8:45:00,JSMR,S,RG,4020,250,250,D,--,Open
11444,11445,8:45:00,JSMR,S,RG,4020,200,200,D,--,Open
38063,38064,8:45:06,JSMR,S,RG,4020,2,2,D,--,Open
42563,42564,8:45:09,JSMR,S,RG,4020,1,1,D,--,Open
46531,46532,8:45:14,JSMR,S,RG,4020,30,30,D,--,Open
549451,549452,9:14:06,JSMR,S,RG,4020,1,1,D,--,Open
558409,558410,9:14:39,JSMR,S,RG,4020,2,0,D,--,Amended
663370,663371,9:21:19,JSMR,S,RG,4020,8,8,D,--,Open
3115,3116,8:45:00,JSMR,S,RG,4030,1,1,D,--,Open
6413,6414,8:45:00,JSMR,S,RG,4030,1,1,D,--,Open
30737,30738,8:45:03,JSMR,S,RG,4030,10,10,D,--,Open
34585,34586,8:45:04,JSMR,S,RG,4030,20,20,D,--,Open
37434,37435,8:45:05,JSMR,S,RG,4030,2,2,D,--,Open
39781,39782,8:45:06,JSMR,S,RG,4030,2,2,D,--,Open
41863,41864,8:45:08,JSMR,S,RG,4030,1,1,D,--,Open
43134,43135,8:45:10,JSMR,S,RG,4030,1,1,D,--,Open
354317,354318,9:04:11,JSMR,S,RG,4030,25,0,D,--,Withdrawn
3179,3180,8:45:00,JSMR,S,RG,4040,1,1,D,--,Open
7137,7138,8:45:00,JSMR,S,RG,4040,300,300,D,--,Open
37802,37803,8:45:05,JSMR,S,RG,4040,2,2,D,--,Open
41865,41866,8:45:08,JSMR,S,RG,4040,1,1,D,--,Open
42565,42566,8:45:09,JSMR,S,RG,4040,1,1,D,--,Open
210403,210404,9:00:10,JSMR,S,RG,4040,1,1,D,--,Open
550988,550989,9:14:12,JSMR,S,RG,4040,1,1,D,--,Open
1385569,1385570,10:45:36,JSMR,S,RG,4040,5,5,D,--,Open
2333213,2333214,14:47:56,JSMR,S,RG,4040,24,24,D,--,Open
21319,21320,8:45:01,JSMR,S,RG,4050,20,20,D,--,Open
33714,33715,8:45:04,JSMR,S,RG,4050,20,20,D,--,Open
35169,35170,8:45:05,JSMR,S,RG,4050,10,10,D,--,Open
37350,37351,8:45:05,JSMR,S,RG,4050,2,2,D,--,Open
41864,41865,8:45:08,JSMR,S,RG,4050,1,1,D,--,Open
45506,45507,8:45:13,JSMR,S,RG,4050,4,4,D,--,Open
365369,365370,9:04:41,JSMR,S,RG,4050,2,2,D,--,Open
403002,403003,9:06:23,JSMR,S,RG,4050,100,100,D,--,Open
878291,878292,9:38:34,JSMR,S,RG,4050,50,50,D,--,Open
1281030,1281031,10:28:40,JSMR,S,RG,4050,10,10,D,--,Open
1692078,1692079,13:30:01,JSMR,S,RG,4050,20,20,D,--,Open
1704345,1704346,13:30:03,JSMR,S,RG,4050,20,20,D,--,Open
1728040,1728041,13:30:14,JSMR,S,RG,4050,2,2,D,--,Open
2390316,2390317,14:54:54,JSMR,S,RG,4050,250,250,D,--,Open
6551,6552,8:45:00,JSMR,S,RG,4060,300,300,D,--,Open
7372,7373,8:45:00,JSMR,S,RG,4060,50,50,D,--,Open
8684,8685,8:45:00,JSMR,S,RG,4060,350,350,D,--,Open
38244,38245,8:45:06,JSMR,S,RG,4060,25,25,D,--,Open
42566,42567,8:45:09,JSMR,S,RG,4060,1,1,D,--,Open
45637,45638,8:45:13,JSMR,S,RG,4060,1,1,D,--,Open
366870,366871,9:04:45,JSMR,S,RG,4060,4,4,D,--,Open
1040779,1040780,9:56:29,JSMR,S,RG,4060,40,40,D,--,Open
1102367,1102368,10:03:50,JSMR,S,RG,4060,5,5,D,--,Open
10430,10431,8:45:00,JSMR,S,RG,4070,100,100,D,--,Open
27592,27593,8:45:02,JSMR,S,RG,4070,52,52,D,--,Open
29147,29148,8:45:02,JSMR,S,RG,4070,1,1,D,--,Open
41866,41867,8:45:08,JSMR,S,RG,4070,1,1,D,--,Open
49428,49429,8:46:18,JSMR,S,RG,4070,1,0,D,--,Withdrawn
53541,53542,8:54:16,JSMR,S,RG,4070,1,1,D,--,Open
240375,240376,9:00:20,JSMR,S,RG,4070,5,0,D,--,Withdrawn
365547,365548,9:04:42,JSMR,S,RG,4070,3,3,D,--,Open
460585,460586,9:09:12,JSMR,S,RG,4070,10,10,D,--,Open
1090188,1090189,10:02:20,JSMR,S,RG,4070,1,1,D,--,Open
2444,2445,8:45:00,JSMR,S,RG,4080,2,2,D,--,Open
7284,7285,8:45:00,JSMR,S,RG,4080,350,350,D,--,Open
8907,8908,8:45:00,JSMR,S,RG,4080,2,2,D,--,Open
41888,41889,8:45:08,JSMR,S,RG,4080,1,1,D,--,Open
42577,42578,8:45:09,JSMR,S,RG,4080,1,1,D,--,Open
42908,42909,8:45:09,JSMR,S,RG,4080,22,22,D,--,Open
43136,43137,8:45:10,JSMR,S,RG,4080,1,1,D,--,Open
41868,41869,8:45:08,JSMR,S,RG,4090,1,1,D,--,Open
356796,356797,9:04:18,JSMR,S,RG,4090,1,1,D,--,Open
661510,661511,9:21:11,JSMR,S,RG,4090,20,20,D,--,Open
1216,1217,8:45:00,JSMR,S,RG,4100,500,500,D,--,Open
6576,6577,8:45:00,JSMR,S,RG,4100,400,400,D,--,Open
12285,12286,8:45:00,JSMR,S,RG,4100,1,1,D,--,Open
12755,12756,8:45:00,JSMR,S,RG,4100,10,10,D,--,Open
13202,13203,8:45:00,JSMR,S,RG,4100,25,25,D,--,Open
16458,16459,8:45:01,JSMR,S,RG,4100,30,30,D,--,Open
28240,28241,8:45:02,JSMR,S,RG,4100,30,30,D,--,Open
28699,28700,8:45:02,JSMR,S,RG,4100,10,10,D,--,Open
29212,29213,8:45:02,JSMR,S,RG,4100,12,12,D,--,Open
30686,30687,8:45:03,JSMR,S,RG,4100,22,22,D,--,Open
31839,31840,8:45:03,JSMR,S,RG,4100,6,6,D,--,Open
34642,34643,8:45:04,JSMR,S,RG,4100,35,35,D,--,Open
41869,41870,8:45:08,JSMR,S,RG,4100,2,2,D,--,Open
42572,42573,8:45:09,JSMR,S,RG,4100,1,1,D,--,Open
46948,46949,8:45:15,JSMR,S,RG,4100,5,5,D,--,Open
48062,48063,8:45:19,JSMR,S,RG,4100,21,21,D,--,Open
55660,55661,8:57:41,JSMR,S,RG,4100,25,25,D,--,Open
365370,365371,9:04:41,JSMR,S,RG,4100,2,2,D,--,Open
422772,422773,9:07:18,JSMR,S,RG,4100,1,1,D,--,Open
687999,688000,9:23:04,JSMR,S,RG,4100,50,0,D,--,Amended
934298,934299,9:44:21,JSMR,S,RG,4100,88,88,D,--,Open
1165580,1165581,10:11:50,JSMR,S,RG,4100,5,5,D,--,Open
1657861,1657862,11:27:03,JSMR,S,RG,4100,5,5,D,--,Open
41871,41872,8:45:08,JSMR,S,RG,4110,2,2,D,--,Open
52450,52451,8:52:01,JSMR,S,RG,4110,1,1,D,--,Open
53551,53552,8:54:17,JSMR,S,RG,4110,1,1,D,--,Open
8510,8511,8:45:00,JSMR,S,RG,4120,2,2,D,--,Open
8615,8616,8:45:00,JSMR,S,RG,4120,20,20,D,--,Open
8695,8696,8:45:00,JSMR,S,RG,4120,400,400,D,--,Open
13033,13034,8:45:00,JSMR,S,RG,4120,20,20,D,--,Open
41870,41871,8:45:08,JSMR,S,RG,4120,2,2,D,--,Open
41872,41873,8:45:08,JSMR,S,RG,4130,3,3,D,--,Open
43140,43141,8:45:10,JSMR,S,RG,4130,2,2,D,--,Open
1336,1337,8:45:00,JSMR,S,RG,4140,100,100,D,--,Open
7326,7327,8:45:00,JSMR,S,RG,4140,400,400,D,--,Open
41889,41890,8:45:08,JSMR,S,RG,4140,2,2,D,--,Open
3408,3409,8:45:00,JSMR,S,RG,4150,5,5,D,--,Open
6975,6976,8:45:00,JSMR,S,RG,4150,125,125,D,--,Open
7492,7493,8:45:00,JSMR,S,RG,4150,125,125,D,--,Open
8653,8654,8:45:00,JSMR,S,RG,4150,100,100,D,--,Open
20700,20701,8:45:01,JSMR,S,RG,4150,10,10,D,--,Open
31535,31536,8:45:03,JSMR,S,RG,4150,185,185,D,--,Open
32669,32670,8:45:03,JSMR,S,RG,4150,4,4,D,--,Open
34472,34473,8:45:04,JSMR,S,RG,4150,100,100,D,--,Open
41880,41881,8:45:08,JSMR,S,RG,4150,3,3,D,--,Open
43515,43516,8:45:10,JSMR,S,RG,4150,3,3,D,--,Open
48081,48082,8:45:20,JSMR,S,RG,4150,200,200,F,--,Open
365374,365375,9:04:41,JSMR,S,RG,4150,2,2,D,--,Open
411967,411968,9:06:48,JSMR,S,RG,4150,20,20,D,--,Open
665808,665809,9:21:29,JSMR,S,RG,4150,20,20,D,--,Open
827683,827684,9:33:53,JSMR,S,RG,4150,2,2,D,--,Open
6596,6597,8:45:00,JSMR,S,RG,4160,400,400,D,--,Open
8852,8853,8:45:00,JSMR,S,RG,4160,1,1,D,--,Open
41881,41882,8:45:08,JSMR,S,RG,4160,2,2,D,--,Open
45489,45490,8:45:13,JSMR,S,RG,4160,50,50,D,--,Open
8252,8253,8:45:00,JSMR,S,RG,4170,210,210,D,--,Open
35630,35631,8:45:05,JSMR,S,RG,4170,1,1,D,--,Open
41882,41883,8:45:08,JSMR,S,RG,4170,3,3,D,--,Open
21533,21534,8:45:01,JSMR,S,RG,4180,4,4,D,--,Open
41885,41886,8:45:08,JSMR,S,RG,4180,5,5,D,--,Open
44200,44201,8:45:11,JSMR,S,RG,4180,70,70,D,--,Open
5316,5317,8:45:00,JSMR,S,RG,4190,10,10,D,--,Open
13809,13810,8:45:00,JSMR,S,RG,4190,5,5,D,--,Open
48136,48137,8:45:23,JSMR,S,RG,4190,20,20,D,--,Open
671407,671408,9:21:53,JSMR,S,RG,4190,20,20,D,--,Open
3061,3062,8:45:00,JSMR,S,RG,4200,5,5,D,--,Open
3955,3956,8:45:00,JSMR,S,RG,4200,2,2,D,--,Open
6989,6990,8:45:00,JSMR,S,RG,4200,120,120,D,--,Open
9031,9032,8:45:00,JSMR,S,RG,4200,2,2,D,--,Open
9530,9531,8:45:00,JSMR,S,RG,4200,5,5,D,--,Open
14297,14298,8:45:01,JSMR,S,RG,4200,30,30,D,--,Open
21397,21398,8:45:01,JSMR,S,RG,4200,250,250,D,--,Open
24683,24684,8:45:01,JSMR,S,RG,4200,3,3,D,--,Open
25681,25682,8:45:01,JSMR,S,RG,4200,10,10,D,--,Open
39812,39813,8:45:06,JSMR,S,RG,4200,250,250,D,--,Open
365365,365366,9:04:41,JSMR,S,RG,4200,2,2,D,--,Open
620281,620282,9:18:35,JSMR,S,RG,4200,15,15,D,--,Open
828815,828816,9:33:59,JSMR,S,RG,4200,3,3,D,--,Open
1258791,1258792,10:25:11,JSMR,S,RG,4200,1,1,D,--,Open
1422416,1422417,10:51:40,JSMR,S,RG,4200,50,50,D,--,Open
1661622,1661623,11:27:40,JSMR,S,RG,4200,5,5,D,--,Open
9097,9098,8:45:00,JSMR,S,RG,4230,1,1,D,--,Open
1523324,1523325,11:05:03,JSMR,S,RG,4230,1,1,D,--,Open
24402,24403,8:45:01,JSMR,S,RG,4250,96,96,D,--,Open
37992,37993,8:45:06,JSMR,S,RG,4250,8,8,D,--,Open
48019,48020,8:45:17,JSMR,S,RG,4250,4,4,D,--,Open
670991,670992,9:21:51,JSMR,S,RG,4250,1,1,D,--,Open
796493,796494,9:31:15,JSMR,S,RG,4250,50,50,D,--,Open
1289282,1289283,10:30:06,JSMR,S,RG,4250,2,2,D,--,Open
48951,48952,8:46:01,JSMR,S,RG,4260,3,3,D,--,Open
9724,9725,8:45:00,JSMR,S,RG,4270,200,200,D,--,Open
9981,9982,8:45:00,JSMR,S,RG,4270,200,200,D,--,Open
20989,20990,8:45:01,JSMR,S,RG,4270,20,20,D,--,Open
24849,24850,8:45:01,JSMR,S,RG,4280,1,1,D,--,Open
52110,52111,8:51:17,JSMR,S,RG,4280,3,3,D,--,Open
13157,13158,8:45:00,JSMR,S,RG,4290,5,5,D,--,Open
3140,3141,8:45:00,JSMR,S,RG,4300,5,5,D,--,Open
12528,12529,8:45:00,JSMR,S,RG,4300,10,10,D,--,Open
23702,23703,8:45:01,JSMR,S,RG,4300,2,2,D,--,Open
29985,29986,8:45:02,JSMR,S,RG,4300,27,27,D,--,Open
33348,33349,8:45:03,JSMR,S,RG,4300,100,100,D,--,Open
35680,35681,8:45:05,JSMR,S,RG,4300,51,51,D,--,Open
42573,42574,8:45:09,JSMR,S,RG,4300,1,1,D,--,Open
45016,45017,8:45:12,JSMR,S,RG,4300,3,0,D,--,Withdrawn
47866,47867,8:45:16,JSMR,S,RG,4300,10,10,D,--,Open
48203,48204,8:45:28,JSMR,S,RG,4300,125,125,D,--,Open
51675,51676,8:50:35,JSMR,S,RG,4300,900,900,D,--,Open
52260,52261,8:51:36,JSMR,S,RG,4300,61,61,D,--,Open
389290,389291,9:05:45,JSMR,S,RG,4300,10,10,D,--,Open
45213,45214,8:45:13,JSMR,S,RG,4310,5,5,D,--,Open
745140,745141,9:27:18,JSMR,S,RG,4310,10,10,D,--,Open
5165,5166,8:45:00,JSMR,S,RG,4320,20,20,D,--,Open
9177,9178,8:45:00,JSMR,S,RG,4320,20,20,D,--,Open
9885,9886,8:45:00,JSMR,S,RG,4320,10,10,D,--,Open
30596,30597,8:45:03,JSMR,S,RG,4320,20,20,D,--,Open
43199,43200,8:45:10,JSMR,S,RG,4320,10,10,D,--,Open
45265,45266,8:45:13,JSMR,S,RG,4320,15,15,D,--,Open
365,366,8:45:00,JSMR,S,RG,4330,543,543,D,--,Open
1012,1013,8:45:00,JSMR,S,RG,4330,800,800,D,--,Open
4796,4797,8:45:00,JSMR,S,RG,4330,1,1,D,--,Open
13921,13922,8:45:00,JSMR,S,RG,4330,95,95,D,--,Open
15598,15599,8:45:01,JSMR,S,RG,4330,1,1,D,--,Open
25610,25611,8:45:01,JSMR,S,RG,4330,1,1,D,--,Open
3533,3534,8:45:00,JSMR,S,RG,4350,5,5,D,--,Open
3599,3600,8:45:00,JSMR,S,RG,4350,5,5,D,--,Open
6358,6359,8:45:00,JSMR,S,RG,4350,5,5,D,--,Open
10611,10612,8:45:00,JSMR,S,RG,4350,200,200,D,--,Open
12562,12563,8:45:00,JSMR,S,RG,4350,1,1,D,--,Open
15758,15759,8:45:01,JSMR,S,RG,4350,150,150,D,--,Open
33888,33889,8:45:04,JSMR,S,RG,4350,500,500,D,--,Open
43293,43294,8:45:10,JSMR,S,RG,4350,2,2,D,--,Open
43804,43805,8:45:11,JSMR,S,RG,4350,15,15,D,--,Open
68027,68028,9:00:00,JSMR,S,RG,4350,10,10,D,--,Open
1149928,1149929,10:09:41,JSMR,S,RG,4360,1,1,D,--,Open
3220,3221,8:45:00,JSMR,S,RG,4400,5,5,D,--,Open
3663,3664,8:45:00,JSMR,S,RG,4400,5,5,D,--,Open
3993,3994,8:45:00,JSMR,S,RG,4400,10,10,D,--,Open
9495,9496,8:45:00,JSMR,S,RG,4400,1,1,D,--,Open
11464,11465,8:45:00,JSMR,S,RG,4400,10,10,D,--,Open
22259,22260,8:45:01,JSMR,S,RG,4400,500,500,D,--,Open
22546,22547,8:45:01,JSMR,S,RG,4400,100,100,D,--,Open
25650,25651,8:45:01,JSMR,S,RG,4400,2,2,D,--,Open
43603,43604,8:45:10,JSMR,S,RG,4400,50,50,D,--,Open
389288,389289,9:05:45,JSMR,S,RG,4400,10,10,D,--,Open
1494092,1494093,11:00:50,JSMR,S,RG,4400,3,3,D,--,Open
19905,19906,8:45:01,JSMR,S,RG,4410,2,2,D,--,Open
10622,10623,8:45:00,JSMR,S,RG,4450,250,250,D,--,Open
7618,7619,8:45:00,JSMR,S,RG,4500,30,30,D,--,Open
10259,10260,8:45:00,JSMR,S,RG,4500,50,50,D,--,Open
10517,10518,8:45:00,JSMR,S,RG,4500,2,2,D,--,Open
11484,11485,8:45:00,JSMR,S,RG,4500,100,100,D,--,Open
20026,20027,8:45:01,JSMR,S,RG,4500,1,1,D,--,Open
20514,20515,8:45:01,JSMR,S,RG,4500,7,7,D,--,Open
22953,22954,8:45:01,JSMR,S,RG,4500,100,100,D,--,Open
27466,27467,8:45:02,JSMR,S,RG,4500,2,2,D,--,Open
38868,38869,8:45:06,JSMR,S,RG,4500,20,0,D,--,Withdrawn
42717,42718,8:45:09,JSMR,S,RG,4500,1,1,D,--,Open
50632,50633,8:48:36,JSMR,S,RG,4500,30,30,D,--,Open
52024,52025,8:51:07,JSMR,S,RG,4500,5,5,D,--,Open
485624,485625,9:10:28,JSMR,S,RG,4500,50,50,D,--,Open
495945,495946,9:11:01,JSMR,S,RG,4500,1,1,D,--,Open
2120657,2120658,14:21:57,JSMR,S,RG,4500,10,10,D,--,Open
11382,11383,8:45:00,JSMR,S,RG,4510,3,3,D,--,Open
12606,12607,8:45:00,JSMR,S,RG,4510,10,10,D,--,Open
38464,38465,8:45:06,JSMR,S,RG,4520,50,50,D,--,Open
15777,15778,8:45:01,JSMR,S,RG,4550,35,35,D,--,Open
16780,16781,8:45:01,JSMR,S,RG,4550,50,50,D,--,Open
21506,21507,8:45:01,JSMR,S,RG,4550,2,2,D,--,Open
51441,51442,8:50:08,JSMR,S,RG,4550,2,2,D,--,Open
438296,438297,9:08:03,JSMR,S,RG,4550,1,1,D,--,Open
6345,6346,8:45:00,JSMR,S,RG,4580,79,0,F,--,Withdrawn
6399,6400,8:45:00,JSMR,S,RG,4580,19,19,D,--,Open
7950,7951,8:45:00,JSMR,S,RG,4600,22,22,D,--,Open
10682,10683,8:45:00,JSMR,S,RG,4600,3,3,D,--,Open
20065,20066,8:45:01,JSMR,S,RG,4600,100,100,D,--,Open
22974,22975,8:45:01,JSMR,S,RG,4600,250,250,D,--,Open
22988,22989,8:45:01,JSMR,S,RG,4600,200,200,D,--,Open
44518,44519,8:45:12,JSMR,S,RG,4600,16,16,D,--,Open
44881,44882,8:45:12,JSMR,S,RG,4600,10,10,D,--,Open
54510,54511,8:55:50,JSMR,S,RG,4600,10,10,D,--,Open
1262022,1262023,10:25:35,JSMR,S,RG,4600,3,3,D,--,Open
11727,11728,8:45:00,JSMR,S,RG,4640,5,5,D,--,Open
8222,8223,8:45:00,JSMR,S,RG,4650,30,30,D,--,Open
8752,8753,8:45:00,JSMR,S,RG,4650,100,100,D,--,Open
10779,10780,8:45:00,JSMR,S,RG,4650,30,30,D,--,Open
39829,39830,8:45:06,JSMR,S,RG,4660,20,20,D,--,Open
12236,12237,8:45:00,JSMR,S,RG,4700,10,10,D,--,Open
44525,44526,8:45:12,JSMR,S,RG,4700,10,10,D,--,Open
45595,45596,8:45:13,JSMR,S,RG,4700,1,1,D,--,Open
12121,12122,8:45:00,JSMR,S,RG,4740,5,5,D,--,Open
12158,12159,8:45:00,JSMR,S,RG,4800,50,50,D,--,Open
14124,14125,8:45:00,JSMR,S,RG,4800,100,100,D,--,Open
12416,12417,8:45:00,JSMR,S,RG,4840,100,100,D,--,Open
414496,414497,9:06:55,JSMR,S,RG,4850,1,1,D,--,Open
1016590,1016591,9:53:31,JSMR,S,RG,4850,63,63,D,--,Open
834816,834817,9:34:32,JSMR,S,RG,4860,1,1,D,--,Open
955041,955042,9:46:30,JSMR,S,RG,4860,1,1,D,--,Open